Tracking_ID,Warehouse_Location,Destination_City,Weight_kg,Carrier,Shipping_Cost,Expected_Delivery,Status,Fragile,Distance_km,Unnamed: 4
TRK8978DA9B,Jeffreyshire,North Raymond,2.59,USPS,30.64,2026-07-21,Damaged,No,1472.0,
TRK8EB607A4,West Matthewborough,Martinezville,15.31,,191.71,2026-03-08,On Time,No,2838.0,
TRK8C90FD45,Port Karen,Hallland,43.64,UPS,99.3,2025-12-29,On Time,Yes,266.0,
TRK19358245,South Nancy,North James,71.52,UPS,214.75,2025-12-18,Delayed,Yes,1783.0,
TRKE3059DD1,East Latashaburgh,North Jay,75.64,USPS,166.19,2026-04-03,Lost,Yes,,
TRK0B00E5A4,Jeffreyton,Tarashire,128.73,DHL,286.69,,On Time,No,2552.0,
TRKB5DE9FF7,Cherrytown,Miguelview,,DHL,,2026-02-24,On Time,Yes,2741.0,
TRKC98BAE40,South Brittanystad,Jenniferport,111.92,Prime,,2026-04-15,Delayed,No,1714.0,
TRKE13021DF,Lake Christopher,West Christina,68.19,UPS,242.3,2026-05-10,Delayed,No,411.0,
TRK36BCBD5A,Bradshawfurt,,109.75,UPS,34.24,2025-12-15,On Time,Yes,1525.0,
TRK08851CA4,South Williamborough,Flynnburgh,35.76,USPS,$96.09,2026-02-01,Damaged,Yes,2138.0,
TRK1E1B0383,Port Lori,Murphymouth,103.69,UPS,280.99,2026-07-01,On Time,No,1258.0,
TRKF94BDCDB,,Brewerborough,73.23,USPS,274.28,2026-01-26,Delayed,No,2661.0,
,North Alexis,New Rachelport,49.63,FedEx,£134.92,2026-02-22,Lost,Yes,,
TRK5EA33A7D,North Mark,Littleton,120.15,Prime,115.29,2025-10-02,Delayed,No,793.0,
TRK28AEE2F2,Justinville,Donnafurt,103.79,FedEx,274.11,2025-11-29,Lost,No,793.0,
TRK9C640341,Emmaport,Sancheztown,110.55,Prime,$42.07,2026-02-14,On Time,No,1473.0,
TRK6B46C8F9,East Ralph,Millerhaven,,DHL,$283.61,2026-01-09,On Time,No,2609.0,
TRK32C9367B,Lake Amanda,Port Nicole,139.28,USPS,$253.53,2025-11-13,Damaged,No,1041.0,
TRKA3084267,Peterchester,Danielfort,124.88,,78.86,2025-11-20,Delayed,Yes,,
TRKE424BBF8,Swansonborough,Adamsfurt,88.9,FedEx,94.18,2026-03-08,On Time,Yes,2607.0,
TRKFF7A9B89,New Shirley,Port Heather,142.1,,140.07,2026-03-06,On Time,Yes,449.0,
TRK934CBB5A,East Sara,West Maria,,USPS,162.07,2026-06-23,On Time,Yes,,
TRK1828A367,Mcknighttown,North Holly,76.51,FedEx,£133.20,2026-05-01,Damaged,Yes,531.0,
TRK23CA7BED,South Kimberlyview,Morrisonbury,132.08,USPS,214.58,2026-07-07,Delayed,No,599.0,
TRKF5E44409,Rodriguezton,Wattsberg,23.87,UPS,30.44,2026-01-06,Delayed,No,953.0,
TRK754B5A6F,Lake Larryborough,Whitneybury,37.24,FedEx,125.96,2026-07-01,Damaged,No,1950.0,
TRKF829ADFE,Port Christinechester,Lake Robert,28.6,,90.18,2026-02-14,Delayed,Yes,304.0,
TRK2AEF10FB,West Kristy,Victoriaborough,79.58,USPS,41.67,2026-04-18,On Time,No,1184.0,
TRK56D9D80D,Bergerville,East Misty,80.43,USPS,205.07,2026-06-09,,Yes,,
TRK6903AB40,,Georgeport,144.14,UPS,£159.22,2025-12-18,Damaged,Yes,603.0,
TRK6CB29AA5,Melendezview,Meganchester,131.61,DHL,127.79,,Delayed,No,2734.0,
TRK73654C41,Matthewview,South Jeffreyshire,89.65,DHL,,2026-06-14,On Time,Yes,2222.0,
TRK5D03BC71,South Christinatown,Millerfort,122.45,FedEx,$59.01,2026-05-14,Lost,No,1545.0,
TRK54A7E33E,Lake Marvin,Osbornfort,144.51,FedEx,136.88,2025-11-20,Lost,Yes,2882.0,
TRKF901F758,West Kimberlyhaven,Kennedyland,107.63,USPS,105.11,2026-01-28,Lost,,2743.0,
TRK703AD0B7,Kevinbury,West Briana,15.01,DHL,,2026-07-19,Delayed,Yes,1749.0,
TRK7810BE01,Perezview,South Julie,48.41,DHL,$133.39,2026-05-05,Damaged,No,1408.0,
TRK866CF8D3,Oscarmouth,Brownmouth,69.81,USPS,201.59,2025-12-31,On Time,No,400.0,
TRK652E066B,Port Randallchester,Weissfurt,,USPS,253.65,2025-12-23,Damaged,No,2477.0,
TRK6B2D5D7A,Port Timfurt,Nicolemouth,13.36,Prime,252.55,2026-01-03,,Yes,33.0,
TRKEDFEE59F,South Donaldfort,Taylorton,47.86,FedEx,21.47,2026-09-11,Delayed,Yes,2600.0,
TRK22AC6421,West Jamieborough,Williamsmouth,141.78,USPS,144.09,2026-09-03,On Time,No,2065.0,
TRK3D0FFB29,Charlesland,Lake Kathy,138.61,USPS,63.56,2025-12-19,Delayed,Yes,1447.0,
TRK548903A7,Lake Dominique,Lake Michellemouth,,UPS,139.22,2026-01-29,On Time,No,2502.0,
TRKF574A06C,Port Terri,Lake Ashleyville,26.42,Prime,£170.46,2026-01-29,Delayed,No,2921.0,
TRK33FE1BE3,,North Gregorybury,133.6,Prime,33.44,2026-01-25,Delayed,Yes,2437.0,
TRK98838C45,North Leslie,Lake Melissaburgh,60.4,DHL,168.41,2025-09-28,On Time,Yes,2343.0,
TRK62D9244A,Samanthaberg,North Danachester,70.46,UPS,103.88,2026-04-21,Damaged,No,786.0,
TRK385F1CC8,Baileybury,Vazquezshire,23.67,Prime,252.97,2025-11-05,,No,2157.0,
TRKE5F7ADF9,Williambury,West Andrew,143.25,USPS,111.11,2026-06-23,Delayed,No,1652.0,
TRKDD7B6395,New Michaelstad,Lisaborough,4.14,USPS,267.98,2025-10-18,On Time,Yes,888.0,
TRK41B9724A,Brandonside,Joshuaview,37.26,DHL,178.05,2026-08-26,Lost,No,2145.0,
TRK365C6704,Alexisshire,Acevedoton,45.74,USPS,71.13,2025-11-17,On Time,No,306.0,
TRK19CFF3C9,Heidibury,North Joanna,57.45,UPS,261.94,2026-03-24,Damaged,No,2611.0,
TRKE7EE87F2,East Heather,East Heather,101.12,FedEx,121.16,2026-09-03,Lost,,1098.0,
TRKCA25168C,South Katherineberg,South Johnbury,15.26,DHL,231.57,2025-12-29,Damaged,No,2286.0,
TRK2E851D1B,North Sarah,Justinchester,131.64,DHL,$138.48,2025-12-23,Damaged,Yes,746.0,
TRK4721F8C7,Hollowayton,Kristenside,1.59,UPS,198.79,2026-04-24,Delayed,Yes,1015.0,
TRKC14733EC,Johnburgh,Port Kylehaven,84.84,FedEx,145.35,2026-02-05,,Yes,305.0,
TRK0EA20759,North Levi,Thomasborough,121.19,,232.31,2026-02-27,Delayed,No,2604.0,
TRKFD62D271,Bakermouth,East Miguelfurt,,UPS,£11.76,2026-06-04,On Time,Yes,1152.0,
TRK4729CFBE,Julieborough,Paulaborough,47.43,USPS,,2026-01-24,On Time,No,,
TRK3B21C7F6,Port Amber,,,Prime,$33.16,2025-11-18,On Time,No,,
TRKFD5C03E0,Odonnellhaven,Seanshire,127.74,DHL,259.4,2026-03-15,Damaged,No,205.0,
TRK803E163A,Port Kristie,North Marychester,106.95,USPS,291.7,2025-12-18,Lost,No,1939.0,
TRKDD8D801F,Phamfurt,Lake Elizabethside,93.08,UPS,63.63,2026-02-26,Delayed,No,2107.0,
TRK241CBE36,,Hendersonfurt,9.08,Prime,£286.41,2026-02-21,Delayed,Yes,1384.0,
TRKC1F457DC,Cohenberg,North Donald,77.08,UPS,41.6,2025-12-12,Damaged,Yes,1455.0,
TRK03CF08C3,Pamelamouth,Lake Chad,112.91,USPS,139.69,2026-01-28,Delayed,No,1416.0,
TRK8677DC71,West Charles,Mcleanville,95.06,UPS,78.84,2026-04-10,Lost,Yes,2609.0,
TRK860DDFEB,South Connor,Port Katrinatown,64.76,UPS,$217.85,2025-10-24,Damaged,Yes,853.0,
TRK82B277AD,West Russell,Coxland,28.44,USPS,$275.87,,Damaged,No,1618.0,
,Turnerfurt,Port Bradley,1.08,FedEx,119.31,2026-08-21,Lost,No,1357.0,
TRK79371E31,Kimberlyville,West Joshuashire,136.2,USPS,£217.99,2026-03-27,Lost,Yes,2755.0,
TRKEA8C10CA,,Callahanbury,31.95,Prime,295.46,2026-02-14,On Time,No,1176.0,
TRKB61C5B5E,Davidshire,Port Hollyberg,130.78,USPS,£205.60,2026-01-02,On Time,Yes,584.0,
TRK82BA5C47,West Patrick,Lake Alexander,20.84,FedEx,32.91,2026-04-22,Damaged,No,261.0,
TRKFA9A90C8,Jamiemouth,Gonzalezmouth,41.04,USPS,$155.70,2026-08-28,Delayed,Yes,1465.0,
TRKF7CB13CE,Brianborough,West Vincent,112.49,DHL,,2025-10-05,Lost,No,2149.0,
TRKC6941969,Brandonmouth,North Monicafurt,74.45,USPS,191.94,2025-12-10,Damaged,No,1408.0,
TRKC1BF80C1,East Sandra,East Kevin,46.89,DHL,,,Lost,No,2938.0,
TRK48EA0C2A,New Emily,Mcdanielville,51.15,DHL,263.9,2026-05-04,On Time,Yes,2051.0,
TRK6C001614,Lake Desireeton,Rebeccahaven,46.37,Prime,167.74,2025-09-14,Damaged,No,1041.0,
TRK96112B63,East Traceyland,Jonesfurt,130.09,DHL,83.17,2026-06-14,On Time,No,243.0,
,Brownton,Shaneside,71.2,Prime,53.38,2026-01-07,On Time,Yes,730.0,
TRKE4DED737,West Zoemouth,Mackmouth,110.93,DHL,94.17,2026-03-16,Damaged,No,2696.0,
TRKCFA1A270,South Melissa,Scottshire,133.77,FedEx,46.73,2026-01-20,Lost,Yes,19.0,
TRKF1C68713,Austinmouth,West Courtney,3.69,FedEx,$246.44,2026-08-31,Delayed,Yes,2867.0,
TRK8830400A,Bradfordview,,67.95,Prime,63.21,2026-05-07,On Time,Yes,59.0,
TRK5582C9D0,Robinsonburgh,Benjaminmouth,125.68,UPS,224.5,2026-05-16,Delayed,No,50.0,
TRKF5A1F2E5,East Jeffrey,Johnsonton,21.12,UPS,43.09,2026-08-15,On Time,Yes,2906.0,
TRKF258D3B4,Michaelfurt,Lopezland,107.47,Prime,145.55,2026-01-03,Delayed,Yes,699.0,
TRK8DD5510A,Port Jeremyview,Cervanteschester,14.62,DHL,220.93,2025-12-03,Lost,No,1414.0,
TRK145E542F,Michelleborough,Ashleyton,126.46,DHL,229.46,2026-07-29,Delayed,,1886.0,
TRK99FC430B,Bryanview,North Renee,99.2,,£124.95,2026-03-07,Lost,Yes,535.0,
TRKE12C00FD,Alisonfurt,Carlosshire,57.3,USPS,88.52,2026-03-04,Delayed,Yes,2927.0,
TRKD7D4A1B8,New Darrell,South Jasonbury,81.09,FedEx,43.19,2026-07-11,Lost,No,2721.0,
TRKEDB680F6,South Karen,Davismouth,38.59,FedEx,199.21,2025-10-18,On Time,No,1366.0,
TRK1EAAE1B6,Lake Shawnport,Gallegosshire,63.78,Prime,$204.86,2026-06-25,Damaged,Yes,2481.0,
TRK7E59C24D,Coryborough,Port Jasonchester,41.61,Prime,138.59,,Lost,Yes,1854.0,
TRK0B8E7A1D,New Kennethmouth,Kennethborough,89.36,DHL,£294.84,2026-02-15,Delayed,No,60.0,
TRK116A6E3F,Lake Brett,,73.59,USPS,61.68,2026-09-07,Lost,No,1429.0,
TRK3D2A50A6,Lake Jennifermouth,Pittsmouth,77.63,USPS,208.58,2026-01-04,,Yes,1110.0,
TRK3FB99C69,Port Chase,North Ronnieshire,114.08,FedEx,174.93,2026-02-13,On Time,,,
TRKD722ECAD,West James,Pughhaven,,UPS,£206.02,2026-03-24,Lost,No,440.0,
TRKBA98D9B7,Cruzstad,,,FedEx,201.62,2026-08-27,Lost,Yes,2732.0,
TRK1CF559C2,Longberg,Ruthport,94.33,USPS,128.87,2026-05-06,Delayed,Yes,2573.0,
TRK091027CB,South Beckyhaven,Raymondmouth,4.2,USPS,197.01,2026-04-05,Lost,Yes,2096.0,
TRKDD440CA1,Lambertmouth,New Karen,46.43,,174.97,2026-06-07,Delayed,Yes,605.0,
TRKD125B491,Hinesmouth,Tranport,26.32,USPS,10.38,2025-10-28,Delayed,No,1832.0,
TRKCF1652BF,New David,Hawkinsborough,129.2,DHL,206.08,2025-11-03,On Time,Yes,,
TRKDB996D7E,Andersonborough,Lake Benjamin,14.2,DHL,98.21,2026-02-08,On Time,Yes,2262.0,
TRKBC4B14A5,East Dawn,Port Dannyshire,68.58,USPS,136.06,2026-03-07,Damaged,No,2484.0,
TRKE113DA10,North Christophermouth,East Garyside,49.27,USPS,,2026-04-23,Damaged,No,113.0,
TRK08BF6239,New Joseshire,South Albert,38.83,USPS,£299.26,2025-11-13,Damaged,Yes,1397.0,
TRKEDD100CA,Harrellview,South Joshuamouth,62.72,UPS,297.4,2026-08-10,Delayed,Yes,1023.0,
TRKDF421B22,Julieshire,Lake Dawnbury,7.68,USPS,61.82,,On Time,Yes,,
TRK9C55FBDA,West Terry,South Jasonfurt,89.93,DHL,187.39,2026-01-06,On Time,No,107.0,
TRK954BAD3C,Gonzalezview,Pricefurt,50.67,UPS,£121.12,2026-07-16,Damaged,No,638.0,
TRK4A16A10D,Bassside,Taylorfurt,10.92,FedEx,151.22,2026-04-11,Damaged,Yes,80.0,
TRK097279B1,Anthonyville,Hernandezview,57.96,DHL,18.35,2026-04-25,Delayed,Yes,2773.0,
TRKA73E275F,,Stevensside,19.38,UPS,105.94,2026-05-13,On Time,Yes,824.0,
TRK4D5FD0A3,Collinsmouth,East Joshua,103.98,DHL,148.7,2026-02-22,Delayed,Yes,600.0,
TRK4F781A62,Armstrongtown,Port Robertport,129.72,DHL,$251.58,2025-12-06,Lost,No,847.0,
TRK42D7AD2D,Matthewsburgh,West Nicolehaven,17.58,UPS,223.18,2026-01-04,On Time,Yes,361.0,
TRK09641846,East Brianbury,Goodwinbury,4.84,,135.2,2025-11-23,Damaged,No,2639.0,
TRKC1EB044E,Davidstad,Port Samanthaview,68.0,UPS,280.61,2025-12-20,Delayed,No,2146.0,
TRK4D33E2D5,Joannemouth,Heatherburgh,137.04,DHL,149.79,2026-06-10,Lost,No,300.0,
TRK6F234EAB,Raymondmouth,Medinahaven,118.35,Prime,97.92,2025-11-29,Damaged,No,2913.0,
TRKA6BEDAAE,Johnsonmouth,Ryanfurt,46.92,Prime,184.58,2025-11-20,Lost,Yes,838.0,
TRK0C13B9B3,Holmesmouth,Lake Peterport,132.03,DHL,170.7,2026-08-24,Lost,No,1877.0,
TRK2112EFF0,South Troyfurt,Wellstown,,USPS,$217.83,2026-02-02,Lost,Yes,2244.0,
TRK982A65A6,Josephmouth,,29.73,DHL,191.99,2026-08-27,Delayed,No,1655.0,
TRKC64A9D84,Navarrotown,Port Maryburgh,134.85,UPS,210.95,,Lost,Yes,672.0,
TRKD6E0FD1E,Leblancmouth,Rebeccaside,46.36,USPS,64.25,2025-12-10,On Time,No,2571.0,
TRK1ED1FC19,Rogersville,Jenkinsville,88.6,FedEx,166.18,2026-07-23,Lost,Yes,2752.0,
TRK89DBBE98,East Stephaniemouth,South Annetown,101.0,Prime,28.48,2025-11-25,Delayed,Yes,1128.0,
TRKBB9CDA6D,North Stephanie,North Craigmouth,10.83,UPS,248.33,2026-07-07,,Yes,761.0,
TRKD70120DC,Port Steven,Shawfurt,122.36,DHL,,2026-06-13,Damaged,No,1923.0,
TRK86BB2B3D,West Adrian,Traceymouth,19.82,DHL,63.63,2025-12-29,On Time,No,153.0,
TRKE814C430,North Charles,Howardland,144.77,USPS,247.87,2026-08-13,On Time,No,,
TRK0D4BF53D,Heatherchester,Lake Aliciabury,104.82,USPS,£175.95,2026-04-07,Delayed,Yes,1288.0,
TRK27C5706C,Michaelville,Harveyport,134.86,Prime,£92.61,2026-07-01,Lost,Yes,2275.0,
TRK10B84CA2,East Joelmouth,Marthaburgh,126.34,UPS,$284.58,2026-06-23,Delayed,Yes,55.0,
TRKEB8A13C6,Alvarezfurt,South Ericstad,116.41,Prime,179.76,2026-06-11,Lost,No,2974.0,
TRKD309CAAB,Samuelview,New Sarahland,94.41,FedEx,150.94,2026-07-16,Delayed,No,1002.0,
TRKCB65CCC4,Justinmouth,Roberttown,38.57,USPS,248.93,2026-04-18,Damaged,Yes,2204.0,
TRK8317098E,North Carolinehaven,East Christopherport,3.39,UPS,89.53,2025-10-06,Lost,Yes,212.0,
TRKCE1A26B9,Williambury,Nelsonburgh,35.29,DHL,218.97,2025-12-18,Delayed,Yes,,
TRKA377F8C8,Mirandaland,South David,83.09,UPS,$37.23,2025-12-20,Lost,Yes,1222.0,
TRK78934DCA,Lake Jenniferburgh,West Chrischester,95.58,DHL,286.73,2026-01-03,Damaged,No,830.0,
TRK4CD6A78B,North Davidshire,Barryborough,115.83,,75.0,2026-07-06,Delayed,,2095.0,
TRK88282FBB,Lindashire,South Daniel,39.7,UPS,232.27,2026-08-24,Lost,No,798.0,
TRKE7EB4B80,Lake Kari,Ronaldville,87.04,Prime,223.93,2025-10-12,Damaged,No,911.0,
TRK1FA92B73,Andrewmouth,Roachmouth,2.86,Prime,£31.87,2026-06-07,On Time,No,741.0,
TRK827E2054,West Tiffanybury,Schmidtview,129.41,DHL,30.45,2026-07-16,On Time,No,2023.0,
TRK065CFD16,Selenaland,,105.77,FedEx,$297.13,2026-01-14,Lost,Yes,2848.0,
TRK59D2998F,South James,Johnsonton,109.04,DHL,218.5,2025-11-03,Lost,No,813.0,
TRKADA77AED,Masseyton,North Amy,66.11,,52.43,2025-10-24,On Time,No,1161.0,
TRKC1A1DF9B,South Kimfort,Bowmanhaven,95.42,UPS,94.63,2025-09-28,Delayed,No,2436.0,
TRK70ED3CAA,North Andrea,North Michelletown,98.48,USPS,,2025-11-13,Lost,No,2339.0,
TRK4250F4D4,Matthewview,North Jonathanport,8.32,,£239.13,2025-11-21,On Time,Yes,1299.0,
TRKFFFF1D55,Port David,Phillipsborough,64.57,USPS,29.72,2026-06-23,Lost,Yes,2861.0,
TRKF5A8265D,Alexanderbury,Adamsville,46.94,Prime,256.19,2026-09-10,Damaged,No,2953.0,
TRK56036339,Parkerton,New Dennisfort,125.84,FedEx,212.56,2025-12-09,Delayed,Yes,215.0,
TRK27528DFC,Timothyland,Lake Dale,1.75,UPS,$148.09,2026-05-30,Lost,No,706.0,
TRK5F2F8101,South Steven,West Kristenfurt,90.02,USPS,£271.78,,Lost,Yes,2363.0,
TRK45099B7C,,Lake Jacobtown,79.65,DHL,258.82,2026-02-09,Lost,Yes,,
,New Jeremy,West Jonathan,105.45,USPS,32.63,,Delayed,No,1634.0,
TRK71E7C619,Port Christophermouth,Smithhaven,22.7,FedEx,299.47,2025-10-08,Delayed,No,1397.0,
TRKEF37C54A,South Williamstad,Port Marcview,,USPS,£228.91,2026-03-29,On Time,No,2589.0,
TRK84D2FB0B,Lake Holly,Port Jenniferfort,122.55,UPS,75.48,2026-02-21,Delayed,No,1280.0,
TRK24883D3A,Lake Christina,Morenomouth,133.3,USPS,28.07,2026-05-22,Damaged,No,2193.0,
TRKFB3B666D,West Lawrence,West Wayne,95.98,DHL,126.86,2026-02-09,Damaged,Yes,626.0,
TRKE5DEB940,Port Christinaton,Lake Roberta,48.47,FedEx,£244.46,2026-08-05,Lost,No,2858.0,
TRKB49CF526,West Taylor,Dianaview,72.89,Prime,23.83,2025-10-09,Delayed,,,
,Lake Todd,Jefferyburgh,58.88,FedEx,$193.91,2026-08-21,,No,995.0,
TRK64C0C4C6,South Sarahburgh,Shannonburgh,54.85,DHL,217.85,2025-11-20,Lost,No,159.0,
TRKA2DF7A2D,Conwayhaven,Port Stephanieshire,22.77,DHL,12.29,2026-06-03,Lost,Yes,1705.0,
TRK61D28311,East Erin,Hawkinsborough,98.51,Prime,228.76,2026-08-19,Damaged,Yes,1358.0,
TRK6B470A63,Manningland,South Anitaburgh,109.05,USPS,£23.02,,Lost,No,901.0,
TRKC8554886,Johnsonhaven,Lake Ryan,57.35,UPS,273.6,2025-12-07,On Time,Yes,1249.0,
TRKB126CCE4,Krystalville,Port Alexander,37.87,USPS,9.73,2026-05-10,On Time,Yes,2573.0,
TRK452D19B1,East Cynthia,Lake Peter,124.37,USPS,183.01,2025-12-26,On Time,No,548.0,
TRKE348C5A4,Kelseymouth,West Travis,73.97,Prime,249.56,2026-05-27,Delayed,No,745.0,
TRKD1236BF7,Alvarezmouth,Mitchellborough,147.45,USPS,,2026-02-05,On Time,No,2981.0,
TRK71B0FE56,Port Christopher,New Christopher,,Prime,£68.76,2025-11-06,Delayed,Yes,541.0,
TRKA8F9EE0D,New Robertborough,Michaelfort,24.84,USPS,58.27,2026-09-03,Damaged,Yes,1084.0,
TRK2F2B68F4,Port Scott,Keithville,,Prime,47.4,2026-06-26,Delayed,No,1544.0,
TRK98250854,Port Debbieport,West Evan,67.74,FedEx,279.54,2025-11-07,Delayed,No,,
TRKECC90E44,New Chelsea,West Connieburgh,42.78,Prime,260.04,2026-02-20,Lost,No,1844.0,
TRK992748E2,North Tracy,Mooreside,55.78,USPS,£216.26,2026-02-10,Lost,Yes,740.0,
TRK712BC4E2,Wilsonborough,North Tamara,,FedEx,$134.20,,Damaged,Yes,1988.0,
TRKBAFD28AB,Griffithshire,Elizabethfort,126.75,FedEx,,2025-09-21,Lost,No,2711.0,
TRK254ACF60,,Lake Darlene,22.44,Prime,127.07,,On Time,Yes,2102.0,
TRK4B972B38,North Coreytown,,86.58,Prime,119.06,2026-08-28,Lost,Yes,1262.0,
TRKC95382EF,,South Melissa,73.89,USPS,73.72,2025-10-22,On Time,No,656.0,
TRKB968F997,New Luis,Loganchester,148.86,FedEx,135.21,2026-05-09,On Time,Yes,730.0,
TRK6B93601F,Millerland,Port Anthonyfort,9.67,UPS,$265.31,2025-10-22,Delayed,No,952.0,
TRKA913FB44,Gabrielleborough,Martinezfort,141.83,DHL,,,Delayed,No,722.0,
TRKD414B8C0,Port Morganside,North Robertoton,8.7,FedEx,85.71,2025-10-22,On Time,No,1141.0,
TRKA16AD068,Riceberg,Millerfurt,115.31,FedEx,263.83,2026-05-08,Delayed,No,2581.0,
TRKD1BC4ED9,East Jeffreyville,Kennethfort,86.86,UPS,£111.65,2025-11-01,Delayed,No,1580.0,
TRKBFF42D5E,New Carl,Markfurt,103.82,,88.2,2025-11-01,Damaged,No,788.0,
TRK07104028,,,109.17,UPS,267.54,2026-08-04,Lost,No,990.0,
TRK6BC3FE46,East Veronica,East Rebeccaview,108.23,FedEx,£71.57,2026-01-13,Lost,No,1245.0,
TRK3BB208B0,Geoffreyville,Herreratown,99.25,UPS,16.91,2025-12-01,Damaged,Yes,904.0,
TRK91F5030F,South Justin,Dustinstad,83.81,Prime,£132.27,2026-09-01,Damaged,No,1182.0,
TRKDB81F50C,West Sherylland,East Daniel,,Prime,47.35,2025-12-11,Delayed,Yes,806.0,
TRKD01CEEAD,North Virginiatown,,78.19,USPS,217.46,2025-10-05,Delayed,Yes,2806.0,
TRKF5B5DF29,East Justin,,84.41,USPS,271.75,2025-10-06,,Yes,1947.0,
TRK2B25DB45,East Sara,Ramosport,82.1,UPS,16.24,2025-09-16,Lost,No,2737.0,
TRK88A46AD0,Port Melissa,Michaelhaven,63.22,UPS,154.52,2026-01-07,On Time,No,1500.0,
TRK055E66EF,Lake Nathanmouth,New Jill,1.36,USPS,127.74,2026-01-13,Delayed,No,1231.0,
TRK46DE9C9F,Erinland,Port Brandybury,21.47,DHL,121.12,2026-08-26,Damaged,Yes,372.0,
TRKDF29BD1B,East Rebecca,West Holly,26.16,Prime,262.18,2026-06-05,Damaged,No,1260.0,
TRK1D44C225,Mooreshire,Guzmanborough,92.7,Prime,102.96,2026-05-01,Delayed,No,1762.0,
TRK07DAAFD5,Christopherborough,Joelchester,60.26,FedEx,21.35,2025-09-13,Delayed,Yes,707.0,
TRK949735EF,Frankland,New Luketown,102.76,Prime,51.35,2026-08-16,Damaged,Yes,1418.0,
TRK039DEF95,North Nicole,Jonathanmouth,105.7,Prime,183.67,2025-09-12,Lost,No,596.0,
TRK810F1BAB,South Kimberlyfurt,Karenbury,93.91,Prime,249.92,2026-08-31,Delayed,No,2693.0,
TRK9848A4FE,Timothyville,East Brian,105.52,FedEx,97.74,2026-05-20,Damaged,No,1120.0,
TRKC78A34B1,Port Deborahland,Michaelton,47.85,Prime,188.1,2026-08-22,Damaged,Yes,1633.0,
TRKDD71FA84,Michaelfurt,Harperfurt,90.91,Prime,£185.93,2025-11-02,Lost,,535.0,
TRKEB9E3730,North Williamville,Port Joseberg,63.84,FedEx,274.36,2025-09-30,Lost,Yes,1053.0,
TRKBAC13489,Laurenchester,Garnerfort,122.1,USPS,$117.45,2026-09-03,Lost,No,,
TRK70BF2F34,South Josephmouth,Scottstad,55.06,DHL,174.75,2025-12-22,Damaged,No,823.0,
TRKEFC47AD4,Port Stephaniemouth,Brianborough,8.43,Prime,151.57,2026-07-06,Damaged,No,2938.0,
TRKD97222F0,Sanfordside,South Alexis,36.01,Prime,$203.74,2026-03-15,Delayed,No,1833.0,
TRKB0C69098,Martinezton,South David,51.53,UPS,289.69,2026-03-31,Delayed,No,1947.0,
TRK8D8A787E,New Ronaldberg,,119.46,DHL,207.35,2026-06-28,On Time,Yes,2506.0,
TRKD615D92B,Jodichester,Griffinland,65.71,DHL,184.73,2026-01-19,Delayed,No,523.0,
TRK0ABCA061,Darrenfort,New Cristina,25.46,Prime,173.99,2026-07-20,On Time,No,2750.0,
,Bridgesside,Garrettborough,1.86,FedEx,138.17,2026-07-20,Lost,Yes,830.0,
TRK4CC963D1,Jessicafort,Port Dawnview,95.41,UPS,106.4,2025-10-29,Damaged,,1808.0,
TRKDF8DB495,,Jamesfurt,61.84,USPS,159.99,2026-08-14,Damaged,Yes,1684.0,
TRK3CEAC551,North Jonathanshire,Amyside,133.4,FedEx,219.04,2026-02-06,Damaged,Yes,1619.0,
TRK0AF4E338,North Stephen,Wrighthaven,63.62,Prime,125.29,2026-01-30,Delayed,,1330.0,
TRK55479D8A,Thomasborough,South Jonathanborough,87.33,FedEx,134.64,2025-12-16,Delayed,No,1261.0,
TRKE6898606,Middletontown,South Beverlyfurt,111.29,USPS,$268.22,2025-12-06,Damaged,Yes,1018.0,
TRKE88F5CE6,Lake Gregory,North Katrinamouth,4.48,Prime,267.29,2026-06-25,Lost,No,,
TRK03FC3E37,Bradyfort,Solisshire,14.39,UPS,242.32,2026-05-14,Damaged,No,2997.0,
TRK95259FB6,Lake Patriciaview,Wayneberg,5.23,UPS,194.01,2026-06-17,On Time,Yes,85.0,
TRKC92EF89B,Lake Kimberly,Patricialand,64.05,UPS,277.68,2025-11-06,On Time,No,2552.0,
TRK05AFDD14,South Dustin,North Williammouth,38.46,DHL,,2026-03-29,On Time,No,,
TRK25DA0473,Mooreborough,Michaelberg,14.03,USPS,238.76,2026-07-20,Lost,No,785.0,
TRK14500B8C,Nicholasville,Ashleyland,119.86,UPS,169.46,2026-06-05,Damaged,No,2307.0,
TRKF9A59A52,Matthewfort,Port Rachael,57.02,UPS,75.82,2026-08-12,Delayed,,1907.0,
TRKC2422E8E,Ashleyside,Garymouth,38.6,USPS,143.03,2026-06-28,Delayed,No,483.0,
TRKABDBDC1E,Thomasburgh,Lake Johnchester,12.3,Prime,84.11,2026-07-16,Damaged,No,2959.0,
TRKCF6495CB,New Davidchester,Tracymouth,66.31,,252.3,2026-07-16,Lost,Yes,38.0,
TRKC5E18711,Georgeport,Lake Sandraland,93.37,UPS,$13.19,2025-10-26,Damaged,Yes,440.0,
TRKF8E09A33,Griffinborough,Brownfurt,122.9,Prime,211.7,2026-05-02,On Time,No,1934.0,
TRK80AF3900,Myersmouth,Derekchester,71.54,UPS,15.67,2026-09-09,On Time,Yes,659.0,
,Munozport,West Barbara,99.36,UPS,192.46,2025-09-11,Delayed,,862.0,
TRK539A7F1D,Lewisshire,,91.9,UPS,169.15,2026-01-11,On Time,No,171.0,
TRKFF6C0D58,South Savannahburgh,Angelatown,16.54,USPS,137.04,2026-08-11,On Time,Yes,393.0,
TRK3F4EFD5D,North Kylebury,Daniellechester,102.31,Prime,76.57,2026-03-17,On Time,Yes,2478.0,
TRKC7DD66D4,North Dorothy,Howardfurt,77.33,DHL,£12.59,2026-08-25,Damaged,No,2604.0,
TRK50B40B11,Port Donaldstad,North Thomas,39.63,UPS,61.37,2026-06-04,On Time,No,32.0,
,Ryanview,Christineshire,146.04,DHL,174.76,2026-07-25,Lost,Yes,963.0,
TRK4263DEA2,South Davidmouth,Marilynport,37.82,DHL,,2026-05-21,Delayed,Yes,1202.0,
TRK4B22A7E8,New Raymondview,Murphyview,144.45,DHL,32.14,2026-05-30,Delayed,Yes,1520.0,
TRKA6E3B8CC,New Richardborough,New Gracetown,7.89,DHL,9.68,2026-07-11,On Time,No,2676.0,
TRK492E8069,Cindyton,South Vanessaton,39.67,DHL,135.7,2026-05-07,Lost,Yes,775.0,
TRK57FCD36C,Rebeccahaven,South Shawn,9.4,UPS,262.89,2026-07-14,Delayed,No,996.0,
TRKA8C7391E,New Ashleyberg,Justinton,132.46,UPS,$13.80,2026-07-19,On Time,Yes,884.0,
TRK8D1854E5,,Byrdfurt,118.63,Prime,120.94,2026-01-04,Delayed,Yes,371.0,
TRKC1BDD1BC,North Christinetown,East Stephanie,13.8,UPS,116.71,2026-04-26,Lost,Yes,993.0,
TRKB179BCD9,Moorefort,West Robert,36.75,DHL,189.44,2026-07-05,Delayed,No,1466.0,
TRK9B6EAFC2,Port Thomasborough,Lake Courtney,,FedEx,$176.66,2025-11-01,Delayed,No,1362.0,
,West Sandrabury,East Eugenestad,99.61,UPS,79.08,2026-08-21,Damaged,No,447.0,
TRKD2B62189,Port Erinshire,New Donnaton,113.33,UPS,$271.82,2026-01-19,Delayed,No,301.0,
TRKB2864E88,Audreyfort,Cooperchester,109.44,DHL,10.88,2025-10-06,Lost,Yes,1159.0,
TRKA0FE4A80,Elizabethtown,,148.12,Prime,29.69,2026-07-08,Damaged,,,
,East Marychester,Tiffanybury,25.78,DHL,82.34,2026-04-02,Damaged,Yes,1114.0,
TRK728DDD6E,Velazquezfort,North Jessica,25.76,FedEx,95.44,2025-10-18,Delayed,No,375.0,
TRK5D516945,Perryland,,97.88,Prime,112.39,2026-02-20,On Time,Yes,101.0,
TRKCCED5F3D,New Markburgh,,40.41,USPS,133.37,2025-10-10,Damaged,Yes,2824.0,
TRK6CAB4C93,Greenland,Lake Lindashire,3.64,UPS,37.26,2025-12-16,On Time,No,1965.0,
,Scottbury,Port Felicia,65.03,Prime,128.77,2026-03-05,Delayed,No,73.0,
TRK7BF3EB68,West Kristin,Jeremiahton,13.29,USPS,165.88,2026-01-11,,No,1024.0,
TRK32533684,Port Timothy,Port Jacob,149.39,USPS,270.29,2025-10-04,Damaged,No,187.0,
TRKB3B71EC5,North Elizabethside,Zacharyborough,12.2,DHL,16.16,2026-06-15,On Time,Yes,1724.0,
TRKF26032DE,Sheilaland,Wilsonhaven,85.14,Prime,57.93,2025-10-16,On Time,Yes,223.0,
TRK481A18C5,Leeville,Brownfurt,145.41,Prime,117.65,2026-02-16,Damaged,No,,
TRK09CC54A2,Davidport,Robertsmouth,134.67,USPS,206.99,2025-09-21,,No,240.0,
TRKD1475B3C,Mccluremouth,East Judith,123.15,UPS,224.66,2026-04-29,Delayed,No,2575.0,
TRK6B80EAA9,Michaelton,Rodriguezberg,122.75,USPS,14.78,2026-06-09,Damaged,Yes,1410.0,
TRKF61C883E,Amberfurt,Port Vanessamouth,12.95,DHL,268.68,2026-07-21,Damaged,Yes,2290.0,
,Catherineburgh,Jonesstad,77.86,USPS,£121.27,2026-09-02,Lost,Yes,2097.0,
TRK98E0BB86,Port Elizabeth,West James,70.85,DHL,208.42,2026-02-25,Lost,Yes,2639.0,
TRK17E82647,North Dennisport,Lake Maryview,67.23,UPS,118.08,2026-01-08,Damaged,Yes,188.0,
TRK9A7A6E5E,Port Tracey,West Sean,81.66,Prime,279.82,2026-03-27,Damaged,,1797.0,
TRK4E2FC57D,Rachelberg,New Marissahaven,99.66,FedEx,236.31,2026-03-08,Damaged,Yes,2235.0,
TRK38FEBD77,East Angela,Jenniferview,64.78,Prime,,2026-06-03,Damaged,No,1375.0,
,Vasqueztown,Davidland,145.04,Prime,81.03,2026-02-19,Delayed,Yes,912.0,
TRK2D0285F0,Lake Robertburgh,South Laurafurt,98.57,Prime,272.94,2026-06-22,,No,1274.0,
TRK1CD2D13D,North Sheilaville,Christopherview,,FedEx,294.49,2025-10-09,Damaged,No,1938.0,
TRKF6085FDE,Lake Maryland,,92.95,UPS,62.83,2026-02-21,Damaged,No,2685.0,
TRK0954F5BD,Briantown,Mariebury,45.49,DHL,136.65,2026-07-21,Delayed,No,2012.0,
TRKB4A3496F,Lake John,Port Holly,104.41,Prime,181.06,2026-02-12,On Time,No,345.0,
TRK02A0CEF3,East Oscarville,Jonathanchester,26.91,FedEx,262.34,2026-02-08,Damaged,No,666.0,
TRK354E1A16,,Aliciafort,138.24,Prime,,2026-04-10,On Time,No,2897.0,
TRK29FF8539,Carterberg,Port Brian,,USPS,242.49,,Lost,Yes,2649.0,
TRK1503238C,Justinburgh,Robertburgh,135.07,DHL,£9.24,2026-03-21,Delayed,Yes,2223.0,
TRKE6C75F63,East Carolynburgh,South Alexander,127.29,UPS,£70.48,2025-09-23,,Yes,1529.0,
TRK318A1C5F,Aarontown,East Jenniferfurt,140.99,FedEx,262.04,2025-11-04,Lost,Yes,2816.0,
TRK09EFD8C6,Curryhaven,Pittshaven,24.07,USPS,251.66,2025-12-30,Damaged,No,2228.0,
TRKCFBEC6B7,Port Richard,Thomasmouth,125.84,USPS,56.12,2025-09-24,Damaged,No,,
,Daltonbury,South Mary,64.24,,$37.10,2026-04-13,Lost,Yes,63.0,
TRK752EC574,Port Andrew,Hartfort,42.61,UPS,266.47,2026-05-08,On Time,No,112.0,
TRKD13263DE,Tammyfort,,71.37,FedEx,82.81,2026-01-30,On Time,Yes,1991.0,
TRK13663CC2,Lake William,Cynthiabury,71.28,Prime,149.5,,Damaged,No,314.0,
,Kathleenfurt,Sandrachester,60.89,Prime,128.41,2026-01-14,On Time,No,2414.0,
TRK34C93178,Richardborough,West Dana,7.88,Prime,14.94,2026-01-31,Delayed,Yes,195.0,
TRKD47B2101,Reynoldshaven,Richardsonberg,53.1,,176.27,2026-07-14,Damaged,,1469.0,
TRK3A633F31,Maloneshire,Lake Christopher,106.94,FedEx,279.82,2026-01-19,Damaged,No,,
TRKC82BE21A,Lake Brianview,East Elizabeth,2.34,FedEx,245.69,2025-10-17,Damaged,No,2924.0,
,Vincentview,Webbton,64.75,,262.28,2026-02-23,Damaged,Yes,1414.0,
TRK8602041B,Katherineside,,68.93,DHL,100.04,2026-07-16,Delayed,Yes,67.0,
TRKF2431B8B,Amandaside,New Christine,111.3,FedEx,288.93,2025-10-18,Delayed,Yes,2699.0,
TRKCA15C5EE,Oconnorberg,Mccoyberg,134.64,FedEx,33.06,2025-09-17,Delayed,Yes,1760.0,
TRKBDC3E1FD,Morrisonview,Annbury,95.96,UPS,245.18,2026-01-02,Delayed,,1117.0,
TRKD0F9AB2E,,Nancychester,33.95,UPS,14.06,2025-09-21,On Time,No,284.0,
TRK8718EF7B,,New Antonio,74.56,FedEx,$295.37,2026-08-06,Damaged,No,1896.0,
TRK3B5F9495,West Madisonview,New Cheryl,55.19,FedEx,29.43,2025-11-09,Lost,Yes,1448.0,
TRKD19A68F2,Brianville,South Rachelton,72.01,USPS,294.67,2025-12-03,Lost,Yes,598.0,
TRK8CD23593,Lake Melaniestad,Port Cole,38.58,FedEx,47.14,2025-09-17,Damaged,No,475.0,
TRK5E59362C,Michaelport,Washingtonborough,123.79,FedEx,76.27,2026-07-04,Lost,No,2797.0,
TRK1A72922D,Edwardsburgh,Pateltown,45.52,USPS,$205.09,2026-01-15,On Time,No,2407.0,
TRKEF611C3C,Levyborough,Jonburgh,136.55,Prime,£147.46,,Delayed,Yes,1916.0,
TRK0DB13713,Michelleville,Lake Sergio,127.29,UPS,£75.92,2025-10-25,On Time,No,2241.0,
TRKC12926AC,South Melissafurt,East Steven,42.09,USPS,26.08,2026-01-19,On Time,Yes,1240.0,
TRKE3BD59E3,Bakerberg,Hillmouth,137.7,FedEx,£43.16,,Damaged,Yes,1754.0,
TRK247F4402,Christinefurt,New Haley,23.89,UPS,129.7,2025-10-07,,Yes,1400.0,
TRKE8E5A874,Davidchester,Lake Paul,100.32,Prime,5.75,2026-07-14,Damaged,Yes,1789.0,
TRKCD3B9C47,Barbaraport,New Marytown,73.76,USPS,22.66,2025-12-16,Delayed,Yes,1710.0,
TRK1A1CED50,Garciatown,,80.95,Prime,94.22,2025-09-19,Delayed,No,990.0,
,South Katherine,Amandashire,21.87,UPS,£170.71,2025-12-04,Damaged,No,2699.0,
TRKCE7D68F2,Cherylhaven,South Michaela,40.71,USPS,153.56,2026-07-20,Damaged,No,1991.0,
TRK01DB51F3,Lucerotown,New Marthabury,124.48,FedEx,95.5,2025-10-29,On Time,Yes,2663.0,
TRK6A2902F9,Lake Timothychester,South Brittanyport,15.63,DHL,226.59,2026-03-02,Damaged,Yes,588.0,
TRK65CBCB60,New Lisachester,East Trevor,26.76,UPS,283.92,2026-01-31,Damaged,No,1757.0,
TRKD90094FF,Curtisview,North Christopher,120.32,UPS,114.55,2025-11-18,Lost,No,2850.0,
TRKA7DCBC78,Jessicatown,Davidmouth,80.97,USPS,70.74,2025-12-30,Damaged,No,,
TRK67BAB99D,Lake Alexandraburgh,North Stacy,129.0,USPS,59.72,2026-01-22,On Time,Yes,2498.0,
TRKDA614499,Powellport,Melanieburgh,107.59,USPS,168.41,2025-09-23,Damaged,Yes,2828.0,
TRK17C2696A,West Virginiaville,South Briannahaven,60.47,UPS,$177.54,2025-11-21,Damaged,No,1265.0,
TRK5CBF163C,Paynemouth,New David,32.08,Prime,282.26,,Damaged,No,2966.0,
TRK1AEB3741,North Carla,New Edward,43.91,USPS,116.57,2026-03-12,Lost,No,2349.0,
TRK5D7C68A4,Olsenmouth,East Dana,72.43,DHL,132.55,2026-03-21,On Time,No,246.0,
TRKAC76AC1A,Brownstad,New Keithmouth,117.25,FedEx,13.76,2026-05-31,Delayed,No,869.0,
TRK35F8FCE3,Chapmanfort,Shelbyshire,9.03,USPS,201.85,2025-10-22,Delayed,Yes,1018.0,
TRK7338B8F4,Sydneyville,Palmermouth,100.48,USPS,$128.07,2026-06-11,On Time,Yes,645.0,
TRKB612B328,North Dustin,Port Laurenport,57.54,Prime,£43.41,2026-03-19,On Time,Yes,624.0,
TRK1D8AF5BB,West Catherinemouth,,102.34,USPS,177.56,2026-04-11,Damaged,No,1077.0,
TRK3420D7C8,North Gary,,122.49,Prime,£39.70,2026-03-16,Lost,No,1244.0,
TRK8E8779A4,Lindseymouth,South Jennifer,,Prime,89.98,2026-07-19,Damaged,Yes,1207.0,
,North James,New Frank,101.86,FedEx,$169.71,2026-08-26,Delayed,No,2617.0,
TRK959C2D27,Brownmouth,South Danieltown,21.0,,288.46,2026-02-11,Lost,No,2327.0,
TRK3904CC1A,Donaldsonborough,Lake Brian,97.06,FedEx,215.31,2025-11-06,Delayed,Yes,1087.0,
TRKA741E46C,Wrighttown,Christianhaven,7.4,UPS,175.5,2025-11-03,On Time,,1798.0,
,South Cassandra,Cooperland,23.85,DHL,£181.87,2026-06-27,Damaged,Yes,323.0,
TRK6A3F5AC2,New Katherine,Andersonview,6.55,Prime,,2026-06-30,Lost,No,1265.0,
TRK24C8AF65,,New Lauramouth,79.77,,127.49,,Lost,Yes,51.0,
TRK87873075,Waltonfort,West Jeffrey,107.82,FedEx,229.89,2026-04-19,On Time,No,862.0,
TRK8D57707D,Angelamouth,Travisland,57.16,FedEx,$296.78,2026-04-23,Lost,Yes,779.0,
TRKE02CEC08,Burnettport,Eileenhaven,46.93,DHL,205.16,2026-01-16,On Time,No,165.0,
TRK7C76532B,Johnfurt,Port Michaelville,131.26,Prime,275.65,2026-04-17,On Time,Yes,127.0,
,New Robertfort,Jenniferchester,113.8,FedEx,£238.00,2026-09-02,Delayed,No,2187.0,
TRK51651A39,North Megan,New Kathleenmouth,59.52,DHL,154.83,2025-11-06,Damaged,No,1884.0,
TRK91FFF7B1,Kellytown,North Brian,,FedEx,272.39,2026-02-09,Lost,No,987.0,
TRK862ADC29,West Bradstad,New Monique,134.71,DHL,276.69,2026-09-10,Delayed,Yes,1567.0,
TRK942F5D82,Johnside,Barrymouth,52.11,UPS,100.26,2025-10-04,On Time,Yes,339.0,
TRK7E468AF1,Crystalberg,Patrickside,75.39,DHL,£93.44,2025-10-07,Damaged,Yes,2533.0,
TRK7C455471,,South Amanda,3.39,FedEx,205.16,2026-02-16,On Time,Yes,427.0,
TRK786C1E64,Benjaminton,West Caitlin,21.18,DHL,73.13,2026-08-30,Lost,Yes,1317.0,
TRK6DE5D7D1,Adamville,North Kelseystad,49.55,UPS,246.87,2025-10-11,Lost,Yes,2213.0,
TRKF3107CB4,,Lake Trevor,123.34,FedEx,$36.06,2026-07-27,Damaged,Yes,2693.0,
TRKA15345AF,North Michael,New Leon,109.64,DHL,,2025-09-26,Delayed,Yes,2593.0,
TRK26A65327,Lake Samanthaton,East John,113.24,USPS,261.03,,Delayed,No,1769.0,
TRKFAFF95F9,Port Cody,North Reginaldmouth,15.23,UPS,£192.05,2026-07-14,Damaged,No,1615.0,
TRK731D347E,Hansonmouth,Stewartmouth,43.49,DHL,218.43,2026-01-17,On Time,Yes,76.0,
TRK8D4CFFAD,South William,East Ritamouth,45.45,DHL,$291.12,2026-05-24,Damaged,Yes,1411.0,
TRK526512ED,Danielside,East Kristen,118.45,Prime,103.06,2026-05-13,On Time,Yes,2220.0,
TRK96B57EF9,South Joshua,West Bryan,31.75,USPS,281.21,2025-11-25,Lost,No,548.0,
TRKCC72A91B,Davidfurt,Harmonview,99.11,Prime,244.13,2026-05-28,Lost,Yes,1511.0,
TRK7EB80207,North Michaelborough,New Dave,65.08,USPS,116.52,2025-09-28,Damaged,Yes,,
,Martinezmouth,Williamsburgh,99.57,,122.03,2026-09-01,Lost,Yes,888.0,
TRKE812B483,North Jillborough,Port Jonathan,8.04,FedEx,32.98,2026-05-02,On Time,Yes,274.0,
TRKE3540491,Port Brittney,West Michaelmouth,119.43,,174.22,2026-08-02,On Time,Yes,1535.0,
TRK9006A749,North Michelleburgh,Andrewborough,5.65,USPS,227.2,2025-11-29,On Time,No,63.0,
TRKB1A669BF,Anthonyton,New Marie,117.16,DHL,54.67,2026-05-31,On Time,Yes,605.0,
TRK20D77C47,West Stevenstad,Carlosfort,43.66,DHL,141.58,2026-05-14,Damaged,No,,
TRK790C0B59,Ashleymouth,,34.32,USPS,66.22,,On Time,Yes,571.0,
TRK8359353F,New Sheila,Amberton,100.05,FedEx,28.37,2025-10-15,Delayed,No,362.0,
TRKE000A7CD,Tiffanyview,South Catherine,70.5,FedEx,170.02,2026-06-14,Damaged,,628.0,
TRK0AFE5809,New Hunter,North Ryan,64.44,DHL,183.63,2025-09-11,,No,244.0,
TRK455D8035,Tylerview,Andreburgh,133.11,FedEx,237.51,2026-05-16,Lost,Yes,2733.0,
TRK26BF41DE,Deborahmouth,Port Johnstad,104.54,USPS,£14.58,2026-03-31,,No,429.0,
TRKC28F50DF,Lake Michellemouth,Lake Elizabeth,49.83,UPS,52.68,2025-12-11,On Time,Yes,1145.0,
TRKF092B5C3,Ianstad,Harrismouth,55.71,USPS,$129.03,2025-12-23,Lost,No,1476.0,
TRK78284B9E,Lake Allisonside,Richardsonview,93.77,DHL,234.11,2026-03-05,Lost,No,1383.0,
TRKBC1258C9,New Danielmouth,Lake Maria,129.74,UPS,270.61,,Lost,No,2596.0,
TRKEAF7C04A,North Perryshire,Kristinastad,81.06,Prime,146.68,2026-06-19,Damaged,Yes,812.0,
TRK47F56632,Cathychester,Curryborough,0.92,,165.0,2025-11-19,Lost,Yes,361.0,
TRK21C977FA,,East Dianafort,,USPS,50.66,2026-05-01,On Time,No,1139.0,
TRKE1D558AE,Burgessfort,New Jeffery,124.8,UPS,80.88,2026-02-09,Damaged,No,616.0,
TRKD0E7A9FB,Timothystad,Stevenburgh,47.71,DHL,264.13,2025-09-14,On Time,Yes,364.0,
TRKF126D382,East Roy,Lake Andrew,4.08,Prime,£34.85,,On Time,Yes,913.0,
TRK9F1512D5,West David,Jimmyville,18.64,FedEx,247.45,2026-07-28,Damaged,Yes,326.0,
TRKA25F4803,Johnchester,South Julieborough,37.63,Prime,191.27,2026-01-19,On Time,No,1962.0,
TRK1DE26300,North Allison,Joneston,76.3,UPS,68.5,2026-03-13,On Time,Yes,,
TRK9AD616EF,North Kaitlinport,Port Ray,127.57,UPS,88.46,2026-05-05,On Time,Yes,2583.0,
TRKD0E73845,Huangshire,,114.45,FedEx,,2025-09-25,Lost,No,995.0,
TRK26F79E1A,West Erica,North Jeffrey,141.42,FedEx,48.83,2026-04-22,Lost,Yes,503.0,
TRKC4D27D41,Lake Michael,Wilsonstad,42.68,USPS,281.73,2026-03-31,Damaged,No,2494.0,
TRKDA8FFCEB,Stephenberg,Port Randybury,21.16,DHL,$14.29,2026-05-24,,,1799.0,
TRK403A6228,West Michael,Aprilport,80.55,FedEx,264.22,2026-08-09,Damaged,Yes,2422.0,
TRK4AA9ED59,East Vincent,Gregoryfurt,,USPS,£29.63,,On Time,No,1846.0,
TRK1111058A,North Alicia,East Ashleyview,41.83,USPS,,2026-02-22,Damaged,No,2905.0,
TRK5D3DA76E,Port Heatherburgh,Lake Carla,13.8,DHL,230.75,2025-10-09,On Time,Yes,2252.0,
TRKADC6390F,South Michael,New Dana,98.0,Prime,54.57,2026-03-04,Lost,Yes,2687.0,
TRK97C0A285,Lake Travis,North John,132.81,USPS,175.4,2026-08-02,Delayed,Yes,,
TRK33DA41C3,Laurenborough,Jasonmouth,119.27,DHL,196.99,,On Time,Yes,1839.0,
TRK385DAF2B,Lake Anthonyland,Port Kimberlyport,1.74,DHL,28.5,2026-04-09,Delayed,Yes,13.0,
TRK3A0493A4,New Kristen,North Amy,145.94,USPS,122.66,2025-12-27,On Time,No,2311.0,
TRK3DE1E63A,Lake Jamesburgh,Brucemouth,90.08,FedEx,$39.79,2026-04-20,Damaged,Yes,670.0,
TRK47E7238F,South Christopherfurt,Rachelville,,USPS,,2026-08-27,Damaged,,1886.0,
TRKAD6F8CE2,West Heather,New Danielfort,103.35,UPS,$44.75,2026-09-10,Lost,No,1450.0,
TRK3D7DA309,Lindsayton,Lake Brettside,142.24,USPS,$116.66,2026-04-10,Damaged,Yes,703.0,
TRK45BDB514,Shanefort,South Veronicaside,54.44,UPS,167.52,2026-01-12,Damaged,Yes,2634.0,
TRK268B661A,Williamsberg,,72.27,FedEx,110.65,2026-03-10,On Time,No,353.0,
TRK75A41C74,Alexanderville,North Lisa,148.18,Prime,263.18,2025-11-28,Lost,Yes,2430.0,
TRKF7BBDF86,Frenchland,North Patrick,111.66,USPS,123.11,,Delayed,Yes,539.0,
TRK0A3EBD4B,Dylanmouth,Paulshire,23.03,,273.71,2026-08-31,Delayed,No,1336.0,
TRKD09F09C3,Jeffreyland,East Elizabethview,50.11,Prime,$216.47,2026-02-19,Lost,Yes,1930.0,
TRK505BCAFA,East Lori,Port Angelicaberg,65.17,Prime,277.72,2025-10-06,Delayed,Yes,2269.0,
TRK9E84DD2E,Richardsmouth,,59.09,Prime,$74.38,,Damaged,Yes,1472.0,
TRK458129A9,New Nathanview,New William,118.57,Prime,126.85,2025-11-03,Delayed,Yes,1549.0,
TRKEA6F4488,New Josephmouth,Johnsonport,10.87,DHL,127.29,2026-05-18,On Time,Yes,2669.0,
TRK2617FA4D,East Colinfort,West Patrickport,13.66,USPS,238.06,2026-02-04,On Time,Yes,2159.0,
TRKD1889460,Lake Justin,Thompsonstad,109.93,Prime,$246.87,2026-04-09,On Time,No,1996.0,
TRKA9F89891,Port Matthewburgh,North Benjamin,98.94,USPS,$225.31,2025-10-02,On Time,Yes,547.0,
TRK0FE84F88,Henryhaven,North Robert,7.04,FedEx,87.08,2025-11-05,On Time,No,1363.0,
TRK8C65908E,Lake Alan,Rodgersborough,3.41,USPS,$36.67,2026-01-21,,Yes,1802.0,
TRKA8D80B42,Carriemouth,Dianeshire,135.75,FedEx,198.05,2026-04-01,Lost,Yes,1801.0,
TRKF7324503,Annefurt,Williamsshire,15.9,Prime,36.7,2025-11-24,Lost,Yes,,
TRK12415549,Rowlandberg,Toniville,102.99,USPS,138.83,2026-06-13,Lost,Yes,,
TRK772CA321,Mitchellbury,Port Claudiastad,96.11,FedEx,$104.37,2025-11-02,Damaged,Yes,788.0,
TRKFEBAE2FF,Piercechester,Ellishaven,104.66,FedEx,,2025-10-23,On Time,No,2534.0,
TRKB1C93629,New Sheilabury,Port Anthony,128.48,UPS,242.35,2026-04-04,Damaged,Yes,2949.0,
TRK146694E6,Rickyborough,Port Calvin,124.07,USPS,£178.04,2026-09-08,Delayed,Yes,859.0,
TRKEA61BA38,East Steven,East Julian,72.01,USPS,9.42,2025-12-30,Damaged,Yes,1273.0,
TRKB0571DA7,Port Cassandraville,Conniechester,3.06,USPS,257.54,2026-06-05,On Time,No,2370.0,
,Daniellebury,Joannefurt,138.28,,,2026-08-11,Damaged,Yes,2612.0,
TRK981497BB,Josephmouth,West Lydiatown,81.57,FedEx,220.74,2026-05-23,Delayed,Yes,925.0,
TRK884C9B9E,Sloanmouth,Valeriebury,0.98,USPS,$197.90,2026-07-02,On Time,,2116.0,
,Lake Gary,Johnstonstad,,Prime,124.07,2026-09-07,Damaged,Yes,1039.0,
TRK500BAA75,Kristinafort,Brentfurt,5.6,Prime,123.44,2026-03-15,On Time,Yes,2016.0,
TRKA81DAFF6,West Karenville,Melissaview,108.07,DHL,126.33,2026-07-20,Lost,Yes,2265.0,
TRKA7E31266,South Troyshire,Knightton,56.71,FedEx,116.42,2025-11-10,Delayed,No,2160.0,
TRK91C305D5,South Charlesborough,East Ian,146.77,DHL,,2026-06-03,Damaged,No,950.0,
TRK76669CEE,West Kristen,West Ericberg,82.51,USPS,$222.32,2025-11-11,On Time,No,2051.0,
TRK231D9DE3,Christinemouth,Jimenezchester,118.01,UPS,$261.06,2026-01-21,On Time,No,2204.0,
TRK9979DAEA,Lake Antonioland,Lake Matthewchester,124.47,USPS,156.17,2025-10-28,Lost,Yes,1204.0,
TRKB8E9566E,South Melindaville,Lake Ruben,135.36,FedEx,128.73,2026-04-07,Damaged,Yes,1054.0,
TRK041C3727,Brittanyfurt,Lauramouth,68.53,USPS,41.35,2026-01-04,On Time,Yes,2045.0,
TRKBA4C2FAA,East Jill,Brockmouth,112.29,Prime,£171.54,2026-07-01,,Yes,986.0,
TRK2541E478,Matthewfurt,Kelleytown,39.25,Prime,249.74,2025-11-06,Delayed,No,1254.0,
TRK162196EF,East Keithville,North Davidburgh,54.87,FedEx,285.92,2026-01-17,On Time,Yes,,
TRK75C6C51A,Gutierrezborough,Dawntown,141.14,Prime,216.17,2026-03-16,Lost,Yes,998.0,
TRKDCE83FE1,Julieborough,Taylorbury,105.06,FedEx,206.96,2026-03-30,Lost,Yes,659.0,
TRK58B144E7,Jonesport,North Mollyberg,2.77,FedEx,148.58,2026-09-04,Damaged,No,2645.0,
TRKA0FB440C,Higginsfurt,Kathryntown,37.53,DHL,195.88,2026-08-22,Delayed,No,1651.0,
TRK6EE058E1,Bartonshire,Haroldbury,125.67,UPS,$216.30,2026-02-28,Lost,Yes,2220.0,
TRKA0876978,Bullockberg,Seanchester,,,35.8,2026-08-10,On Time,No,,
TRK85451CD4,Mendozafort,Youngside,1.49,UPS,$70.56,2026-02-15,On Time,Yes,2572.0,
TRKCEA7EF52,Reneefort,New Ginaside,90.13,DHL,235.03,,Lost,Yes,1747.0,
TRKBB73D813,Lake Meganstad,Jasonview,93.08,Prime,237.67,2026-07-28,Delayed,Yes,1903.0,
TRK0EE10FD4,Lake Nathanland,New Lorifort,52.4,FedEx,234.66,2025-11-13,Damaged,Yes,408.0,
TRKD26F80CB,Port Manuelfort,Valerieton,29.85,UPS,219.67,2026-07-23,Damaged,No,1217.0,
TRK09973C2F,Jeffreyburgh,Ericstad,72.61,DHL,230.18,2026-01-16,,Yes,744.0,
TRKEFC679B5,North Donaldfurt,West Mitchell,140.44,USPS,£17.91,2026-02-17,Damaged,No,2559.0,
TRK8687EB8B,South Sharon,Mackmouth,73.52,FedEx,193.88,2026-09-06,Damaged,Yes,1819.0,
TRK491969B9,Jackchester,Tylerland,50.65,DHL,25.09,2025-10-11,Damaged,Yes,2584.0,
TRKCEB3BFB5,Howardview,Rodriguezville,72.15,Prime,211.04,2025-12-27,Delayed,Yes,1063.0,
TRKE0101CC6,Lake Erinstad,Lake Ericfurt,61.53,FedEx,251.36,2025-11-23,Damaged,Yes,1661.0,
TRKA89E8926,Adamsbury,Reneebury,104.62,FedEx,40.14,2025-10-04,On Time,Yes,93.0,
TRK7F581DB2,Katelynfurt,Kerrborough,66.67,FedEx,31.12,2026-01-11,Damaged,Yes,1394.0,
TRKC99F9655,Tanyaland,Lake Robertmouth,140.73,Prime,181.87,,Damaged,Yes,2964.0,
TRKEB215109,East Michaelshire,Collinsborough,141.0,UPS,152.35,2025-11-29,Delayed,No,2389.0,
TRK51CBE406,Jonberg,Williamsville,26.28,Prime,198.36,2026-07-18,Delayed,No,2132.0,
TRKFFFFCE6A,North Teresa,New Amberchester,49.35,UPS,22.89,2026-08-11,Delayed,No,2705.0,
TRKB0CD7EBC,Lopezland,Mendezfort,12.84,DHL,261.91,2025-10-24,Delayed,No,1106.0,
TRK0C531396,New Kristinland,Jennifershire,110.51,Prime,179.7,2025-12-03,,No,201.0,
TRK08ADD97C,Whiteport,Loveborough,34.75,Prime,£256.56,2026-07-04,Damaged,Yes,2181.0,
TRK64724D3E,New Patrick,Garciaville,117.35,DHL,13.62,2026-06-26,Lost,No,,
TRKC69877DA,Julieshire,Wilsonview,,USPS,71.05,2026-01-31,Delayed,No,1304.0,
TRK8C241A9E,North Ashleyshire,East Marieshire,51.84,FedEx,122.14,2026-08-04,On Time,,327.0,
TRKFA6EF36F,East Nathan,Lake Juan,116.93,FedEx,186.15,2026-08-12,Damaged,Yes,148.0,
,South Brianview,New Nicholas,96.86,UPS,22.04,2025-12-31,Delayed,No,2841.0,
TRKFB9070B2,Jacobport,East Jamiefurt,19.84,UPS,11.5,2026-09-04,Damaged,No,196.0,
TRKAF78528E,Lake Jamesview,Callahanmouth,40.3,USPS,$161.93,2026-01-09,Lost,No,1947.0,
TRK40939098,East Jason,Reginaton,6.66,FedEx,272.39,2026-06-13,Delayed,Yes,76.0,
TRKA1D40E31,North Karen,Lake Allisontown,9.98,Prime,$74.69,2026-08-30,Damaged,Yes,2936.0,
TRK316306E8,Michaelland,Port Patrick,68.76,DHL,244.35,2026-03-28,On Time,,1405.0,
TRKDD613F8F,East Julie,Andersonburgh,,Prime,50.31,2026-03-13,On Time,No,700.0,
TRK0090B9DF,Laneport,South Richard,68.41,USPS,43.83,2026-02-02,Damaged,No,365.0,
TRK24868AAE,Staceymouth,Mclaughlinland,,FedEx,131.85,2026-01-30,Damaged,Yes,336.0,
TRK6F73B708,Mosleyside,South Hunter,18.42,DHL,127.64,2026-08-02,,Yes,2285.0,
TRKF1AB9582,Lake Andrew,New Josephport,30.79,,11.1,2025-11-19,Lost,,2625.0,
TRK9C521590,West Robertborough,Coleton,116.83,DHL,,2026-08-31,Damaged,Yes,2915.0,
TRKB81448AA,North Katherine,North Andrea,32.66,Prime,110.55,,Delayed,Yes,1559.0,
TRKD840E470,Kingtown,Lake Larryside,79.84,FedEx,225.57,2026-01-03,On Time,Yes,946.0,
TRK2A47423F,New Veronicastad,East Nicholasland,136.4,UPS,,,Damaged,Yes,1505.0,
TRK65105D0F,North Jeffhaven,New Andrew,78.54,USPS,178.44,2026-04-17,Damaged,,524.0,
TRKBB731015,Johnsonmouth,Jenniferburgh,80.25,UPS,27.5,,,No,1214.0,
TRKC1C4ADC1,,North Kevintown,47.42,FedEx,48.81,2026-07-25,Damaged,Yes,,
TRKDBA36F24,Denisemouth,Cooperstad,48.87,FedEx,268.67,2026-08-27,On Time,No,86.0,
TRK75694067,Turnerland,Sandersburgh,28.39,UPS,200.37,2026-02-22,,No,74.0,
TRK4575A9F8,Marshmouth,South Brendaside,80.51,Prime,,2025-11-03,On Time,Yes,2943.0,
TRK18FC6630,Port John,New Michelleshire,18.06,Prime,,2026-07-12,Delayed,Yes,862.0,
TRKFD36A8A3,,Melissahaven,8.17,UPS,240.78,2026-05-30,,Yes,1874.0,
,Alexistown,,127.35,DHL,90.46,2025-11-25,On Time,Yes,644.0,
TRKD44A829C,South Nicoletown,Karaburgh,85.24,DHL,246.87,2025-11-20,Lost,No,1776.0,
TRK0B21F2E8,Arellanoborough,Leebury,93.0,USPS,31.71,2026-02-27,Lost,No,1023.0,
TRKBC7AE99D,South Jessica,Port Kevinmouth,12.03,FedEx,19.08,2026-01-01,Delayed,No,1176.0,
TRK9D5F5386,Michelleburgh,Lake Lance,23.38,USPS,233.68,2025-10-30,Delayed,No,864.0,
TRKF0BB9930,East Laurietown,Port Allenfurt,82.41,DHL,162.86,2026-01-03,Delayed,Yes,206.0,
TRKE7A67B60,South Jose,South Andrew,15.91,FedEx,,2025-09-26,Lost,Yes,982.0,
TRK06A67874,South Catherine,Jonmouth,,Prime,111.99,2026-01-04,Lost,Yes,1895.0,
TRKC6938D9C,Dawsontown,Port Williamberg,29.75,DHL,141.52,2026-04-03,On Time,No,1417.0,
TRK68913CC9,West Kari,West Joshualand,145.11,,256.82,2026-01-09,Lost,No,,
TRKF7B476DC,Michaelland,Lauraburgh,74.3,DHL,64.13,2026-06-05,Damaged,No,429.0,
TRK923D7F60,North Sherryburgh,West Melissaborough,2.22,Prime,$286.53,2026-02-20,Delayed,No,298.0,
TRK59600E45,North Lorraine,South Kristen,17.66,,205.34,2026-08-24,On Time,No,,
TRK267263BD,Sandraville,East Patriciabury,132.04,Prime,108.24,,Lost,,1328.0,
TRK7910244B,East Andrew,North Hollyside,124.99,FedEx,£113.83,2026-07-02,,,148.0,
TRK5009243A,Ramirezshire,,122.82,DHL,241.16,2026-01-11,Lost,Yes,1994.0,
TRK0C6A1252,Erinborough,West Michelemouth,64.24,DHL,259.81,2026-02-03,Delayed,No,469.0,
TRKCA0C055D,,Lloydhaven,136.67,USPS,90.35,2026-03-31,Damaged,No,1618.0,
TRK81CE3335,East Stephaniemouth,North Garyview,96.6,DHL,230.69,2026-03-30,Delayed,Yes,509.0,
TRK9D7C07A5,Kellymouth,Cruzland,49.48,DHL,94.2,2025-09-20,Delayed,Yes,2623.0,
TRK9B04A0B9,Scottport,Lake Roberttown,17.71,Prime,192.29,2025-11-06,Delayed,No,1310.0,
TRK59D8D9A2,West Adamshire,East Danielshire,19.64,DHL,42.99,2026-06-28,Lost,No,1211.0,
TRKC216BBFD,New Pattyburgh,Victoriachester,48.22,DHL,232.98,,Damaged,Yes,2341.0,
TRKD025BDD7,Carrchester,Kennethshire,116.52,FedEx,219.17,2026-08-09,On Time,No,2803.0,
TRK2D67446C,West Allisonville,Hancockshire,55.13,DHL,197.7,2026-05-16,Delayed,No,407.0,
TRKCFE794C4,Cathyview,Haleview,,Prime,$62.70,2026-06-02,,Yes,2533.0,
TRK5A697A24,Gonzalezton,West Christophertown,,DHL,182.31,2026-03-22,On Time,No,1592.0,
TRK12226D29,Rachaelfort,West Betty,112.78,UPS,161.14,2026-03-08,Damaged,No,1547.0,
TRKBD755DBA,Johnfort,Charlesberg,68.37,DHL,222.09,2026-05-04,Delayed,Yes,771.0,
TRKA30A00E4,Kimberlyside,Lake Arthur,7.12,UPS,178.99,2026-07-07,Lost,No,1851.0,
TRK8A5493A7,Bellfurt,Moralesville,120.58,Prime,131.82,2026-06-10,Lost,No,2260.0,
TRK2D454329,East Angela,,56.82,,183.89,2025-12-14,Damaged,No,870.0,
TRK88565749,New Brycechester,Noblechester,29.82,UPS,152.71,2026-05-27,On Time,Yes,1204.0,
TRKEC0D1F0A,Coxstad,East Dawn,133.66,Prime,233.81,2026-07-08,Delayed,Yes,2184.0,
TRK46D95BFE,New Krista,Weberfort,48.03,USPS,247.76,2025-09-23,Delayed,No,2599.0,
TRK3E96FF87,Schultzburgh,Matthewtown,74.43,UPS,$69.56,2026-04-20,Lost,No,2324.0,
TRK9D30D1D8,New Kathleen,Chavezshire,8.81,Prime,52.09,2026-07-07,Damaged,Yes,209.0,
TRK1C36051C,Willietown,Cranehaven,92.85,Prime,229.41,2026-05-18,Damaged,No,2028.0,
TRKC3CB363F,Lake Douglaschester,Christineton,,USPS,176.26,2026-03-15,Delayed,Yes,2604.0,
TRKFF0062BC,Peterton,Stevenborough,77.44,FedEx,,2026-01-12,Delayed,Yes,903.0,
TRK5EC887C2,Devinborough,Ponceton,42.09,DHL,192.14,2026-06-08,On Time,Yes,1206.0,
TRK4C6CD37D,New Kevinmouth,Schmidtland,100.51,Prime,£274.27,2026-02-25,Lost,No,416.0,
TRK6218B0F8,Port Toddfort,New Williamview,132.51,FedEx,119.15,2025-12-04,Lost,No,1797.0,
TRK3CAFF61D,Lake Stephenchester,,80.39,FedEx,145.37,2026-05-23,Delayed,Yes,2967.0,
TRKD64E36B3,Moniqueside,Taylorton,96.67,Prime,273.28,2025-12-25,Damaged,Yes,2869.0,
TRK7F39C309,Whitebury,North Adam,20.43,FedEx,166.69,2026-01-22,Damaged,Yes,1837.0,
TRK68CFE541,Sheenaborough,Lake Frank,95.08,,,2026-02-13,Damaged,,612.0,
,South Catherine,Reedhaven,21.01,USPS,293.06,2025-09-22,Lost,Yes,2587.0,
TRK608D10AC,,North Jenniferfort,93.64,Prime,16.7,2025-12-24,Damaged,Yes,690.0,
TRKBAE952D0,Port Morgantown,New Johnnyberg,140.04,DHL,244.73,2025-11-29,,Yes,2616.0,
TRK399F7927,Jocelynmouth,Lake Jonathan,,Prime,259.36,2026-01-17,Damaged,Yes,1073.0,
TRK62012A6C,Jenniferfurt,Port John,15.36,Prime,213.17,,Lost,Yes,1480.0,
TRK306495F7,West Jeremyburgh,Estradachester,121.09,Prime,$152.82,2025-11-16,Lost,,2883.0,
TRKD13092CF,Smithmouth,Briannahaven,,FedEx,218.75,2026-08-18,Damaged,Yes,2696.0,
TRKC20E4590,Lake Yolandashire,West Tiffany,82.26,UPS,99.7,2025-11-06,Delayed,Yes,1285.0,
TRKBE1E0E74,South Nicholas,Andrewsberg,7.23,UPS,39.33,2026-03-17,Damaged,No,1917.0,
TRK286EAE4A,Brianport,Martineztown,111.9,DHL,212.45,2025-09-15,On Time,No,,
TRK182ABAC4,Lake Markmouth,West Jon,,USPS,132.9,2025-12-05,Delayed,Yes,999.0,
TRKE6DAB0F3,Buckside,Rachelfurt,48.39,Prime,84.53,2026-07-07,Lost,Yes,757.0,
TRK1BF33115,Seanbury,West Christophermouth,105.3,UPS,148.79,2025-11-04,On Time,No,348.0,
TRKA49D0807,Port Danielle,Castroshire,55.8,FedEx,79.56,2026-02-01,Lost,No,2175.0,
TRKA5D03ED6,New Roberttown,West John,130.87,USPS,150.11,2026-04-22,Delayed,Yes,217.0,
TRKCB090078,Hancockport,East Isaac,79.0,Prime,289.09,2026-03-18,On Time,Yes,1953.0,
TRKDCC8C04D,Elizabethborough,Jonesville,103.6,FedEx,277.85,2026-08-01,On Time,No,1773.0,
TRKBF3BA239,North Michaelfurt,Lake Jenniferborough,85.68,UPS,141.19,2025-12-19,Delayed,Yes,992.0,
TRKCA32DE73,Courtneystad,Chrisfort,64.48,USPS,267.8,2026-07-25,Damaged,Yes,279.0,
TRKFE304CDC,South Marie,Bradleybury,58.01,UPS,243.7,2026-01-09,Delayed,No,2307.0,
TRKF75BDEAA,Johnsonburgh,Amytown,24.67,USPS,$93.46,2026-04-11,Damaged,Yes,2164.0,
TRK607089FF,North Gloria,Kimberlyton,99.71,FedEx,146.53,2025-12-16,Damaged,Yes,2507.0,
TRK96A18173,Port Kenneth,,141.89,UPS,51.22,2026-04-14,Damaged,No,1266.0,
TRK97D2AB88,Lake Kristina,Anthonyfurt,66.33,FedEx,187.32,2026-02-02,Damaged,Yes,2697.0,
TRK7302106A,,Lake Heather,71.42,USPS,,2025-10-09,On Time,,58.0,
TRK65DD85D7,Johnnyburgh,,44.08,UPS,241.31,2025-11-19,Delayed,No,1659.0,
TRK294079FF,Lake Barbara,Gibbsshire,135.76,DHL,237.55,2025-11-02,Delayed,No,2145.0,
,North James,North Caroline,47.46,DHL,$299.19,2025-11-04,On Time,No,2634.0,
,Morenoburgh,Sarahville,45.33,DHL,188.99,2026-05-25,Damaged,Yes,874.0,
TRK17094A03,Hillfurt,Port Bobby,1.86,UPS,$6.97,2026-03-15,Lost,No,2666.0,
TRKCCE85F02,Lukeshire,New Matthewbury,84.91,DHL,215.85,2026-03-21,Damaged,Yes,168.0,
TRK4BADA12C,Victorbury,Allisonton,8.32,Prime,$269.52,2026-03-26,On Time,No,1239.0,
TRKE01DF1F1,Melaniefort,New Cheryl,3.69,DHL,£236.06,2026-06-29,Damaged,No,,
TRKCEF9EE1C,West Gregside,Andersontown,23.39,Prime,$35.30,2026-03-07,Delayed,,1749.0,
TRK3325605A,Kimberlymouth,Wigginsside,0.84,DHL,,2026-07-24,Delayed,No,2498.0,
TRKDCD04220,Victoriahaven,North Nicholasmouth,,FedEx,266.8,2026-04-01,On Time,No,2415.0,
TRK0F7F71B0,South Cassandrashire,New Benjaminborough,45.69,USPS,129.57,2026-06-07,Delayed,No,1590.0,
TRKFC7BF303,Owensside,Harrisview,77.53,DHL,$62.52,2026-02-03,On Time,Yes,2016.0,
,Lake Spencer,Port Barbarafort,113.63,FedEx,161.41,2026-03-06,Delayed,No,2920.0,
,Hornport,West Anna,136.61,UPS,118.46,2025-11-02,Delayed,No,2492.0,
TRK42070B75,East Matthewborough,East Tylerville,106.34,UPS,299.15,2025-12-07,On Time,Yes,,
TRK96C3FD12,North Taylor,Craigville,63.66,Prime,$195.73,2026-05-19,Delayed,Yes,988.0,
TRKC8F03C36,East Stephenhaven,Brettshire,141.25,FedEx,6.85,2026-06-12,Damaged,Yes,683.0,
TRK8337418A,Lynchfort,Lake Melissaville,69.16,Prime,247.42,2026-01-16,Lost,Yes,2417.0,
TRKC7DE48D9,Port Judy,South Stephenchester,64.92,FedEx,169.33,2026-08-20,Delayed,Yes,1346.0,
TRK98B48356,South Emily,,135.53,UPS,£164.32,2026-07-01,On Time,,496.0,
TRK72100011,Michellehaven,Timothymouth,68.54,Prime,,2026-09-08,Delayed,No,,
TRKD91A0E53,,Emilyberg,98.24,UPS,49.17,2026-07-29,On Time,No,2793.0,
TRK83DD7C26,East Stephen,Autumnchester,51.09,USPS,201.8,2026-09-05,On Time,Yes,2593.0,
TRKB9C8EE5E,East Brian,South Teresa,85.25,UPS,132.61,2026-01-17,On Time,No,,
TRKAD8795CC,East Denise,Lake Kathryn,26.96,DHL,88.57,2026-07-02,Damaged,Yes,1933.0,
TRK3DB6F61F,Chadburgh,West Brian,0.67,USPS,290.27,2026-05-16,Lost,Yes,2743.0,
TRKC68E9EF9,Mooneymouth,,52.66,Prime,$22.88,2026-05-05,Damaged,Yes,382.0,
TRK1DD3D122,Jacobchester,Teresaville,55.74,FedEx,191.42,2026-08-08,Damaged,Yes,1109.0,
TRKC1164C8D,Mckinneychester,South Tyler,53.21,Prime,255.56,2025-11-14,Delayed,No,1093.0,
TRK7BBEE2AD,Port Denise,Williamsmouth,72.42,USPS,$116.45,2026-03-22,,No,1858.0,
TRKC75B2367,Carrillofurt,Michaelchester,92.08,UPS,14.0,2026-09-06,On Time,Yes,2416.0,
TRKD9F2569C,East Thomas,Penningtonfurt,7.93,UPS,49.94,2025-12-27,Lost,Yes,2675.0,
TRK42EE925B,Fowlerton,South Sarahland,41.74,UPS,£147.15,2025-10-09,Lost,Yes,1178.0,
TRK25F879D5,Lake Dana,West Taylorborough,36.23,DHL,180.17,2026-02-07,Delayed,Yes,470.0,
TRKBEA67647,Rebeccashire,,41.84,,£240.39,2026-03-12,Damaged,Yes,353.0,
TRK28CB9E4A,Port Edwardport,Curtisland,104.48,UPS,$162.86,2026-02-05,Damaged,No,,
TRKA93BEC02,East Emilymouth,New Traviston,97.81,DHL,105.83,2026-06-15,On Time,No,2271.0,
TRKD7497946,Serranoshire,Deannastad,4.65,,$35.84,2026-06-06,Damaged,Yes,105.0,
TRK7369B131,Davisfort,East Jaimemouth,,FedEx,$56.82,2025-12-31,On Time,Yes,2291.0,
,Maxwellborough,North Roberttown,6.79,DHL,109.93,2026-08-17,On Time,,2684.0,
TRK1BC53248,New Jeffrey,Carlosstad,11.85,Prime,242.58,2025-12-18,Lost,No,107.0,
TRK7E5EA5BE,Lake Tara,West Jeffreyhaven,57.52,Prime,40.5,2025-11-22,,Yes,743.0,
TRK16F915EF,Julieton,,14.36,FedEx,287.91,2026-03-20,On Time,No,97.0,
TRK9AB08A20,West Judy,Deborahview,118.68,Prime,£181.34,2026-04-27,Damaged,Yes,479.0,
TRKD6731FD1,Moniqueborough,West Kari,114.56,Prime,$222.34,2025-10-23,Delayed,Yes,2187.0,
TRKA6CF2F5C,,South Lisa,85.68,UPS,136.19,2026-08-03,Delayed,No,,
TRK4F6D6233,Carolville,Sarahmouth,23.28,,90.49,,Delayed,Yes,2252.0,
TRK8EACFA0E,Allenville,East Dianabury,85.84,,64.99,2026-03-04,Damaged,Yes,1556.0,
TRK3358452E,Hillview,Elizabethview,27.45,DHL,15.28,2026-09-06,On Time,No,587.0,
TRK20BC6233,Alexandraberg,North Mary,118.81,Prime,77.37,2026-06-19,Damaged,Yes,2529.0,
,New Jennifer,New Peterburgh,115.87,UPS,271.4,2026-07-24,On Time,Yes,1304.0,
TRK4F02D910,Brettview,Douglasside,14.7,Prime,34.38,2026-05-10,On Time,Yes,165.0,
TRK898002A0,West Holly,East Theresa,4.08,UPS,,2025-12-17,Damaged,No,1496.0,
TRKE319F3AA,East Morganton,Lake Stephenborough,121.74,Prime,292.85,2025-10-12,Damaged,,1098.0,
TRK69F89869,Williamside,New Saraberg,16.66,Prime,91.78,2026-03-29,Damaged,No,1780.0,
TRK6CB7AAA7,Susantown,East Brianfurt,55.93,FedEx,16.1,2026-06-06,On Time,No,512.0,
TRKB206EB5D,Vaughanview,Nancyland,126.91,FedEx,246.0,2026-03-26,Damaged,Yes,2509.0,
TRKEAF9A47A,Madisonbury,Washingtonview,145.3,USPS,£108.31,2026-01-03,Delayed,Yes,2454.0,
TRK13F8491F,Paigeborough,Loriville,83.81,USPS,294.73,2025-10-08,Lost,Yes,599.0,
TRKAE2EB5A5,West Jenniferberg,Paulchester,123.1,USPS,139.2,2025-10-04,Delayed,No,2620.0,
TRKD3C548D5,Lauramouth,West Edward,49.43,FedEx,182.5,2026-05-05,Lost,Yes,2031.0,
TRKE11C9EF7,Barkerstad,Leeborough,64.81,FedEx,269.83,2026-06-13,Lost,Yes,284.0,
TRKB8DD0B15,Port Chelsea,Port Sally,71.68,Prime,191.09,2026-07-12,On Time,Yes,,
TRKBBE78702,New Allison,New Emily,134.4,USPS,286.87,2026-05-15,Damaged,Yes,1135.0,
TRKDF30D20A,South Anitabury,West Kevinhaven,16.01,USPS,167.67,2026-02-09,Damaged,No,,
TRK6D39E8E6,Justinshire,Chelseafurt,29.83,FedEx,£248.52,2026-05-01,Lost,Yes,2719.0,
TRK6F8B931D,Lake Justinfurt,West Bradley,90.74,Prime,£232.01,2025-10-16,Damaged,,292.0,
TRKC6A13E88,Port Denise,Stefanieburgh,,Prime,$227.26,2026-08-30,On Time,Yes,592.0,
TRKF5CAE9CA,,South Bradleyberg,77.03,UPS,230.76,2025-12-07,On Time,Yes,2009.0,
TRKE2C5A4A9,,North Michelleview,106.35,Prime,68.49,2026-09-09,Lost,Yes,502.0,
TRK746FB626,South Sylviaburgh,Heidifort,,DHL,,,Delayed,,1356.0,
TRKE56B27FB,Angelaburgh,East Michelle,98.71,DHL,178.35,2025-11-30,Lost,Yes,2412.0,
TRKD6902EA3,West Anthony,Cruzmouth,29.94,UPS,81.41,2026-04-16,Lost,No,2635.0,
TRK1354C7D4,Megantown,West Michaelfurt,30.97,UPS,256.32,2026-07-17,Delayed,Yes,2995.0,
TRK3E5512F3,Kathrynland,Veronicabury,33.4,USPS,232.5,2026-03-02,Delayed,Yes,630.0,
TRK49241071,North Sandra,Robinsonborough,104.09,DHL,237.22,,Lost,Yes,286.0,
TRK74195367,Staciemouth,,36.66,USPS,9.34,2025-09-22,On Time,No,805.0,
TRK63A48E09,North Richard,Smithmouth,91.96,UPS,£90.70,2025-11-27,Lost,,741.0,
,Tanyaport,,,FedEx,64.07,2026-03-19,Lost,No,2893.0,
TRKE13E1D74,Kimberlytown,Tammybury,39.1,Prime,147.01,2025-11-02,Lost,No,2998.0,
TRKDD6F7CFF,Port Marcfurt,Johnsonmouth,138.54,Prime,182.6,2026-04-01,Delayed,No,1145.0,
TRK13DC23D0,South Laurenbury,Washingtonhaven,80.21,UPS,89.13,2026-07-08,Lost,Yes,,
TRKA50FD44B,South James,Fisherview,1.39,FedEx,36.8,2026-03-07,Lost,Yes,1015.0,
TRK5B4C9853,,Bakermouth,139.25,Prime,$296.74,2026-03-03,,No,923.0,
TRKEF5ED2D4,Nicoleville,Lake Jillshire,2.53,DHL,$150.93,2025-11-12,Lost,No,1188.0,
TRKEDE59920,East Thomas,Coopermouth,81.34,,242.34,2026-04-13,Damaged,Yes,788.0,
TRKE3948A88,South Kenneth,Turnermouth,,Prime,195.08,2026-02-03,On Time,No,2612.0,
TRK4F08D057,,,118.47,UPS,93.21,2026-03-21,Delayed,Yes,1306.0,
TRK91A7B697,Cuevasport,South Ericaport,59.92,UPS,85.16,2025-10-01,On Time,No,1628.0,
TRK3E0C7517,Robertville,Melissaburgh,45.7,DHL,138.61,2025-10-11,Damaged,No,34.0,
TRKCD70CDA8,Matthewbury,Perkinshaven,118.55,FedEx,297.0,2026-01-05,On Time,No,1893.0,
TRKE2F9FA9D,Chandlerville,Lake Michael,,,170.12,2025-10-12,Lost,Yes,2510.0,
TRK8977B131,Heidimouth,Robertchester,34.78,Prime,221.06,2026-04-26,Lost,No,2208.0,
TRKD5EA782A,Huntmouth,East Alicia,80.96,UPS,94.47,2026-01-06,On Time,No,685.0,
TRKCB473C20,New Kevinland,West Carlosview,102.38,FedEx,220.33,2026-06-10,,Yes,1018.0,
TRKC601865A,North Samantha,,4.55,USPS,£235.65,2025-12-06,Damaged,Yes,1837.0,
TRKE060AF51,Kristinafort,Ericport,,DHL,$37.53,,On Time,No,886.0,
TRKDB772E37,Lake Davidhaven,Amyfurt,127.37,,83.68,2026-05-14,Delayed,Yes,122.0,
TRKF3329773,South Jennifer,Crystalbury,27.7,USPS,150.72,2026-01-14,On Time,No,1091.0,
TRK363E4DE1,West Doris,Grahamtown,,UPS,174.77,2026-06-28,On Time,No,961.0,
TRK312561D7,New Alexandershire,South James,26.1,UPS,21.32,2026-03-30,Damaged,No,640.0,
TRKC95EECE4,Jeremychester,North Kelly,147.13,Prime,58.53,2026-06-28,On Time,Yes,122.0,
TRK57D8DDB2,New Pamela,Blackberg,119.6,Prime,173.85,2026-02-22,Delayed,No,601.0,
TRK29CA790C,Alanberg,Shelleymouth,8.3,FedEx,55.83,2025-11-09,Lost,Yes,81.0,
TRK35267598,Jonathanfort,New Kathymouth,101.05,FedEx,£151.55,2026-01-25,Delayed,Yes,658.0,
TRK205D7767,Schneidertown,East Ashley,7.17,DHL,94.94,2026-06-02,On Time,Yes,2965.0,
TRK262F89DF,Amyburgh,Melissatown,69.06,UPS,211.5,2025-12-10,On Time,Yes,2645.0,
TRKCD8DAD02,Candicefort,Juliaside,101.24,USPS,131.35,2026-07-14,Damaged,No,2828.0,
TRK7F3C4E0C,Candiceville,Fosterfort,22.32,USPS,280.6,2026-06-19,Lost,,2482.0,
TRK940FC639,Lake Ryan,Ballberg,52.76,USPS,11.19,2026-04-17,Delayed,Yes,2693.0,
TRKAF8EF837,Port Timothyport,Davisborough,101.19,DHL,276.65,2026-02-28,On Time,No,777.0,
,Matthewmouth,Kellymouth,43.15,FedEx,£181.35,2026-02-10,Damaged,No,350.0,
TRK11B14829,,North Trevortown,83.12,FedEx,£87.02,2026-04-06,Lost,Yes,1695.0,
TRK5FDB36E0,Robertborough,South Matthewborough,106.84,Prime,66.63,2026-06-21,Damaged,No,1788.0,
TRK5469674B,Jeremytown,Nancyview,132.62,Prime,185.07,,Lost,Yes,2069.0,
TRKF7F34F72,Lake Philipbury,New Garrett,78.7,UPS,236.45,2026-03-23,Damaged,Yes,317.0,
TRKB89847E5,,South Jessica,140.38,Prime,£278.80,2026-08-07,Lost,No,2141.0,
TRKC470ABCD,,Rosshaven,14.78,UPS,£235.74,2025-10-31,,No,1499.0,
TRKF6623EB9,Lake Christopherville,North Cynthiaberg,74.77,Prime,195.33,2025-12-23,Delayed,No,2146.0,
TRK7C6F5CBE,East Brandonborough,Torreshaven,39.66,FedEx,218.25,2026-04-16,On Time,Yes,858.0,
TRK1EA7AC54,Lake Anna,Colemanchester,110.43,USPS,42.62,2026-05-23,Lost,No,2430.0,
TRKECC4573E,Port Jefferytown,Yorkberg,7.84,UPS,29.8,2025-09-14,On Time,No,1091.0,
TRKEE9324CF,Hermantown,West Davidtown,128.63,,£114.51,2025-12-15,Lost,No,654.0,
TRK5DB6D421,Schmidtberg,Ortegamouth,130.41,FedEx,16.95,2026-06-13,On Time,No,251.0,
TRK3707000A,West Ashley,New Sarahside,50.02,USPS,94.84,2026-03-27,Damaged,Yes,950.0,
TRKD23432E3,South Daleshire,West Anthony,105.02,UPS,76.17,2026-02-07,Delayed,No,,
TRKA9FC78BC,Singletonport,Huntshire,18.07,UPS,54.39,2025-12-30,On Time,No,,
TRK506B5215,Josephburgh,Mcmahonmouth,149.7,Prime,112.02,2026-06-14,Delayed,No,2516.0,
TRK8D43FD98,Normanland,Michaelburgh,122.08,USPS,82.38,2025-09-27,On Time,Yes,895.0,
TRKEC3A4E28,Smithton,Evanville,78.75,USPS,63.08,2026-06-19,Damaged,No,1076.0,
TRK939DB671,Port George,East Brianashire,85.79,DHL,134.74,2026-07-27,Lost,Yes,2416.0,
TRK2438D855,Bensonhaven,South Travis,73.73,FedEx,242.45,2026-02-24,On Time,Yes,1477.0,
TRK1AB674DB,North Barbara,Marcview,66.16,DHL,216.55,2026-05-11,Lost,No,,
TRK0656BD63,Port Cynthiafurt,Lake Michelleville,58.66,USPS,275.88,,On Time,Yes,2921.0,
TRK00E9B36C,Lake Lori,New Dawn,31.26,Prime,187.71,2026-04-30,Delayed,No,2965.0,
TRK172C76FB,Joview,New Jerry,8.2,DHL,£253.36,2025-10-20,Delayed,No,2609.0,
TRK0765B82F,Davenportton,Lake Jane,92.18,FedEx,124.41,2026-03-25,Lost,No,1155.0,
TRK561EC7C6,Heatherfurt,Briannafort,103.52,UPS,166.45,2026-06-07,Lost,No,1100.0,
TRKEA275F77,Kelseyborough,Hicksview,15.71,UPS,134.97,2026-04-28,Damaged,No,169.0,
TRK9D9559B5,Bryanburgh,New Loganchester,109.15,DHL,67.4,,Lost,No,643.0,
TRKDD235BFF,West Michelleshire,West Annetteborough,131.11,USPS,298.53,2026-07-06,On Time,No,2307.0,
TRK57803EE6,New Jason,New Kaylafurt,147.64,FedEx,£159.76,2026-02-09,On Time,No,286.0,
TRKB061486E,South Anna,West Gregory,62.81,Prime,107.77,2026-07-22,Damaged,No,,
TRK1D054573,Jefferyberg,Charlesfurt,123.51,UPS,271.22,2026-08-24,On Time,No,2876.0,
TRK63378526,Jenniferburgh,Joshuatown,91.99,DHL,$82.09,2025-12-24,,No,1965.0,
TRK1A369BA3,,,23.89,UPS,48.71,2025-12-22,Lost,Yes,545.0,
TRKFABB2596,Petersmouth,South Rachel,19.12,DHL,242.1,2026-01-14,Delayed,Yes,1536.0,
TRK1B7D51E2,North Dawnmouth,,83.93,FedEx,£277.46,2026-08-07,Lost,,2016.0,
TRK57190377,Evansberg,Benjaminstad,103.8,Prime,,2025-09-11,Lost,No,995.0,
TRK8E790FE2,Kathrynton,,6.6,DHL,274.53,2026-02-18,,No,247.0,
TRKC8D85302,Lake Brent,Patriciafurt,87.82,DHL,29.56,2025-10-21,Damaged,Yes,1226.0,
TRK375390F0,Mariohaven,Pughmouth,123.48,DHL,199.65,2026-08-21,Delayed,No,,
,North Joshuamouth,New Patrick,65.14,UPS,$233.24,2026-02-16,Lost,No,696.0,
TRK47A7BCF1,Port Kellyland,East Elizabethfurt,91.96,UPS,172.82,2026-03-29,Delayed,No,1576.0,
TRK97B76BA5,Nicolefort,Kristishire,2.38,USPS,74.53,2025-10-05,On Time,Yes,1842.0,
,South Carolineville,Jameschester,21.31,FedEx,134.55,2026-04-19,Delayed,No,2011.0,
,East Jessica,Lake Scottmouth,56.16,FedEx,273.02,2026-01-01,Delayed,No,476.0,
TRKD3797156,Kevinside,Laurashire,48.24,USPS,$294.27,2026-07-10,Delayed,No,2357.0,
TRK358F2735,South Samuel,South Mary,12.24,UPS,81.13,2025-12-20,Delayed,No,835.0,
TRKD713068F,Jimmyton,Mccarthybury,129.83,USPS,185.14,2025-09-19,On Time,No,159.0,
TRK9FEB1877,West Benjamin,Gomezfort,26.43,Prime,,2026-07-11,Delayed,No,,
TRKFAAB80C8,Brendatown,Stevenfort,65.63,UPS,142.24,2025-09-14,On Time,No,131.0,
TRK33F180DC,New Sara,Kevintown,50.68,UPS,$241.93,2025-12-25,Damaged,Yes,1884.0,
TRK54E667CC,,Kathrynside,57.08,USPS,30.2,2026-06-02,On Time,Yes,1402.0,
TRKB231EB6B,Lake Gregory,Michaelburgh,54.93,FedEx,$240.02,2026-04-30,Delayed,Yes,341.0,
TRKF8DC2492,New Jessica,Taylorview,68.17,,299.74,2026-03-17,Delayed,Yes,429.0,
TRKD6871CE0,South Michaelview,Kimland,140.03,FedEx,102.12,,Damaged,No,1721.0,
TRK70BB45EC,North Andreamouth,South Amanda,84.84,FedEx,71.84,2025-11-18,,No,2783.0,
TRK2E8A3724,Ericaside,Lake James,80.83,Prime,£253.73,2026-05-26,Delayed,No,420.0,
TRKC66ACC4F,New Shawnborough,East Jeremyfurt,76.96,DHL,,2025-09-27,Damaged,Yes,2828.0,
TRK426E1C86,Chelseamouth,Jennaberg,89.82,UPS,26.58,2026-06-17,On Time,No,1292.0,
TRK86662EA0,Janetside,Lewistown,44.82,,279.68,2025-12-11,Lost,Yes,1017.0,
TRK0DC8B897,Blankenshipburgh,,1.43,FedEx,185.95,,Lost,Yes,1848.0,
TRK0AEF479E,Torresfurt,Johnmouth,52.37,Prime,280.52,2026-05-28,On Time,Yes,257.0,
TRKCA689FD0,East Reginald,Angelachester,9.8,UPS,$255.19,2026-06-29,,No,45.0,
TRK6AEB846C,Angieton,Elizabethshire,2.0,DHL,130.29,2025-12-24,Lost,No,1461.0,
TRK0582F781,Port Maryborough,,149.26,UPS,186.56,,On Time,Yes,2029.0,
TRKA1BE8C6E,North Ericstad,West Melissa,105.17,,267.3,2025-10-09,Lost,No,1168.0,
TRK27511614,Breannamouth,,33.13,Prime,198.64,2025-10-19,Damaged,Yes,1937.0,
TRKEA1885CC,East Taylorburgh,South Mike,60.38,FedEx,94.71,2026-02-07,On Time,Yes,1381.0,
TRK1B6C34EB,,Toddberg,90.82,FedEx,148.98,2025-11-18,Damaged,,750.0,
TRK2723BCFC,,East Andrewfort,,FedEx,$30.64,2026-02-26,On Time,No,2636.0,
TRK4CD07161,Port Andrew,West Nicholasstad,99.65,UPS,127.72,2026-02-07,Delayed,Yes,2174.0,
TRKB1ABD879,North Davidberg,Port Jeremyhaven,44.24,USPS,138.8,2026-03-29,On Time,No,468.0,
TRKC41795D7,North Nathanchester,West Ericahaven,94.46,Prime,248.74,2026-04-16,Damaged,Yes,690.0,
TRK333715F3,New Taraborough,Catherinefort,,USPS,152.87,2026-04-27,Damaged,Yes,876.0,
TRKC9D3CB6B,New Jodyton,North Anthonyfurt,9.39,,,2025-11-14,Lost,Yes,2192.0,
TRKDC329993,Christopherborough,,70.65,FedEx,193.66,2026-03-01,Lost,Yes,1240.0,
TRKA13ACF46,Edwardberg,Matthewhaven,113.64,Prime,$80.20,2026-06-18,Delayed,No,665.0,
TRK409DB941,Freemanmouth,Mcgeeshire,125.58,FedEx,$127.83,2026-06-13,Damaged,No,2304.0,
TRK79B5D07A,North Bradfort,,118.68,Prime,£48.20,2026-06-21,Damaged,No,2332.0,
TRK1D1160B2,Stephenschester,Katieview,134.31,USPS,197.28,2026-09-03,Damaged,No,1008.0,
TRKB0735D44,New Dawn,Lake Andrewland,145.29,,173.64,2026-05-15,On Time,No,402.0,
TRK33599912,Karafort,Lisaborough,111.79,FedEx,51.36,2026-08-01,On Time,Yes,2883.0,
,New Michelle,Rebeccafurt,84.69,USPS,154.32,2026-03-01,On Time,Yes,319.0,
TRK771CC866,West Peterbury,Lake Christine,20.76,USPS,$117.23,2026-07-13,Damaged,No,,
TRK890FA133,Port Caseyton,Steventon,133.36,USPS,255.19,2025-11-27,On Time,Yes,431.0,
TRKF05DE0E9,North Sandra,Morrisport,109.55,FedEx,257.65,2026-07-29,On Time,No,2693.0,
TRK6C102C09,New Stacy,Port Vanessastad,7.66,,107.56,2025-12-11,,Yes,1270.0,
TRK529D3F93,,North Lorimouth,121.38,DHL,39.69,2026-05-16,Damaged,No,2006.0,
TRK7C00A58C,West Jasonmouth,Mikemouth,126.01,DHL,$56.88,2025-09-23,Delayed,No,569.0,
TRKF4D9CCD0,North Heatherbury,Aguirrefurt,147.72,DHL,29.37,2026-06-06,Delayed,Yes,2060.0,
TRK6369BBF3,,,56.63,USPS,84.43,,Lost,Yes,1072.0,
TRKDAE9EAEB,Stevenburgh,Amandatown,91.84,USPS,54.6,2026-03-16,On Time,Yes,182.0,
TRK7AD3FE4B,Jonesborough,Saraport,46.98,Prime,218.86,2025-10-29,Lost,Yes,2460.0,
TRKA751B231,East Cody,West Williamville,124.96,DHL,76.48,2026-07-08,Delayed,No,750.0,
TRKD8389449,Torresborough,Juanland,91.17,DHL,235.91,2025-12-12,Delayed,No,1300.0,
TRK94B85F60,Morrisonfurt,Michaelstad,67.7,USPS,50.72,2026-04-11,Damaged,No,261.0,
TRKC96DBF20,South Jamie,West Donaldhaven,52.51,FedEx,33.29,2026-01-29,Delayed,No,2358.0,
TRK597F6018,Scottfort,East Andrew,20.56,UPS,242.04,2026-06-29,On Time,No,970.0,
TRKE534E7A1,Lynnport,South Kevin,46.04,Prime,40.25,2026-02-08,Delayed,No,2634.0,
TRK9A368F8C,South Jessicabury,East Kevinshire,44.95,UPS,211.63,2026-04-30,On Time,No,2574.0,
TRKC047EE7A,Mannside,South Charles,93.38,UPS,240.3,2026-02-11,Delayed,No,1469.0,
TRK3F676A8F,Hunterville,Michaelstad,134.12,Prime,228.98,2026-08-26,Lost,Yes,305.0,
TRKFF64A1CC,Carolchester,Chandlerchester,8.9,FedEx,12.39,2026-06-19,Damaged,No,485.0,
TRKD67AD279,Douglasside,Randallfurt,61.49,USPS,105.59,2026-06-22,On Time,No,2914.0,
TRK9643F765,Beckyfort,West Gregory,67.35,Prime,£139.58,2026-08-31,On Time,,2178.0,
TRKFA88CC5D,Kyleville,Deborahborough,117.56,Prime,10.52,2026-08-14,Damaged,No,2646.0,
TRK8F1FDBCC,Stevenmouth,West Jennifer,49.35,USPS,205.01,2026-04-01,Lost,Yes,2242.0,
TRK98249285,West Christopher,Michelleport,20.84,USPS,283.0,2025-11-27,On Time,Yes,2652.0,
TRK78E4F839,Gonzalezmouth,North Ashleyport,144.38,Prime,58.22,2026-01-21,Delayed,Yes,1229.0,
TRK92A78D88,Alyssamouth,Lauraton,110.97,DHL,97.71,2025-11-10,On Time,Yes,298.0,
TRK0C81A0CB,Thomasport,Michaelborough,,DHL,287.01,2026-08-17,On Time,No,418.0,
TRKE47C38CF,Amytown,,119.03,DHL,267.27,2026-05-03,On Time,Yes,1248.0,
TRK030DB242,New Christinatown,New Darius,11.86,Prime,6.3,2026-03-15,Delayed,No,545.0,
TRK449E9D7C,East Michael,Craigshire,123.52,,43.62,2026-04-11,Lost,Yes,778.0,
TRK14643E76,Nunezville,East Carrie,55.35,USPS,202.62,2025-11-26,Delayed,Yes,601.0,
TRK20709436,New Andrewside,Lake Timothyfurt,74.96,DHL,$18.61,2025-10-31,Lost,Yes,1822.0,
TRKBB4046DF,East Jamesland,West Alejandra,19.96,,278.78,2026-01-12,Delayed,Yes,1778.0,
TRK7AB0832B,South Zoeview,West Renee,63.5,DHL,176.23,2026-07-15,Lost,Yes,2583.0,
,Castanedaview,Charlesfort,21.41,USPS,108.08,2026-03-23,,Yes,,
TRKB2DC527F,,Gomezmouth,112.16,UPS,$295.81,2026-02-28,,No,2312.0,
TRKFD282D27,Kingfort,West Jessica,31.13,DHL,$188.38,2025-10-25,Damaged,No,2456.0,
TRK7946579F,West Francisco,North Claire,126.26,Prime,289.64,2026-03-07,Damaged,Yes,2046.0,
TRK460158ED,Robersonburgh,Ramosfort,2.95,USPS,£258.09,2025-11-29,Delayed,No,924.0,
TRKEB9283D1,West Stacey,New Yvonne,91.72,USPS,$121.30,2025-09-19,On Time,No,1071.0,
TRK50A7C14E,Palmertown,New Sharon,99.58,DHL,204.22,2025-10-28,,No,1231.0,
TRK009529BF,West Taraburgh,South Lydiaport,63.14,UPS,66.53,2026-06-18,Damaged,,2839.0,
TRKEB005396,Melissaview,Port Kim,62.32,USPS,133.27,2026-06-29,Delayed,Yes,1796.0,
TRK1A6151BE,East Keithview,North Anitaview,107.38,DHL,$233.58,2025-12-23,Damaged,No,356.0,
TRKD2ADA2F6,Nelsonburgh,Jamesview,38.44,FedEx,55.7,2026-02-22,Lost,No,2755.0,
TRKC9491D3C,Kevinstad,Port Jennifer,103.73,FedEx,98.42,2025-11-09,Lost,Yes,126.0,
TRKB8793956,Ericaland,New Rebeccaville,32.57,Prime,114.31,2026-06-23,Delayed,Yes,1960.0,
TRK2C9B251D,East Ericaborough,South Juanburgh,113.99,USPS,£286.86,2026-06-11,Lost,No,227.0,
TRK65EEA696,Heidibury,Butlerbury,32.42,USPS,33.92,2026-02-16,On Time,No,2957.0,
TRK13401B74,North Jeremyhaven,South Natasha,,DHL,$30.24,2026-03-12,Damaged,Yes,,
TRK21D801D8,Karenville,West Kathryn,11.79,UPS,141.24,2025-10-02,Damaged,Yes,851.0,
TRK2E1C9788,East Sharon,East Andrew,23.31,Prime,262.99,,Damaged,Yes,1024.0,
TRK5C3F375C,Hansenfort,,59.07,UPS,116.52,2026-03-11,Lost,No,345.0,
TRK481D6958,South Davidburgh,East Davidshire,76.84,FedEx,$141.61,2026-03-10,Delayed,No,315.0,
TRKA6C0A3D0,Drewborough,New Courtneyborough,,FedEx,,,Lost,No,2121.0,
TRK83D0A072,Katherineberg,Welchburgh,99.45,Prime,164.85,2026-08-28,Damaged,No,1325.0,
TRK462DF27F,East Gloria,Port Ashley,,Prime,36.74,2025-11-19,On Time,No,2574.0,
TRK2A16F272,Simmonsbury,East Kenneth,,FedEx,288.97,2025-10-22,,No,921.0,
TRK1D157AD5,Adkinsbury,Johnbury,136.91,UPS,254.36,2025-12-30,Delayed,Yes,794.0,
,Lake Brian,East James,119.28,DHL,$162.90,2026-05-11,On Time,Yes,2030.0,
,Lake Douglasport,Garciaside,143.98,,£88.58,2026-05-18,Damaged,No,2974.0,
TRK6F880E49,Leehaven,South Patrickton,101.95,FedEx,,2025-11-09,On Time,Yes,2675.0,
TRK8DA3EA1C,Port Andrewbury,Christopherbury,147.35,DHL,139.87,2025-10-23,Lost,Yes,1639.0,
TRK5191442B,Jennifermouth,,96.71,DHL,$282.33,2026-07-14,Delayed,Yes,1963.0,
TRKB5465627,Erikhaven,West Toni,36.49,Prime,233.88,2026-01-28,Delayed,Yes,943.0,
TRK53EE02C6,Wigginshaven,Mcgeeburgh,62.06,USPS,137.29,2026-06-13,Delayed,No,,
TRK7F5D4CD8,Levinehaven,West Tylerhaven,83.49,USPS,55.14,2026-06-07,Lost,Yes,153.0,
TRKE8BC649F,Kaylahaven,Cunninghammouth,89.94,UPS,81.08,2026-01-06,Damaged,No,1937.0,
TRK198013F8,East Kenneth,Jenniferborough,90.0,FedEx,45.41,2025-11-17,On Time,Yes,1437.0,
TRK61DCDA19,Padillaview,,74.33,USPS,50.45,2026-01-26,Damaged,No,2410.0,
TRK8B5B4A50,Hartmanborough,Michelleborough,143.99,USPS,145.16,2026-08-26,Lost,Yes,767.0,
TRK0CC3EC91,South Ashleyfort,West Kayla,148.37,DHL,£224.34,2026-06-17,Damaged,Yes,1054.0,
TRK20C613EE,East Christopherburgh,Lake Ryan,111.97,DHL,125.65,2026-07-22,Lost,Yes,1311.0,
TRKE9592B25,South Stephen,Reedtown,27.55,DHL,21.09,2026-01-21,Delayed,No,1767.0,
TRKAD2AB0E7,North Paul,Cookport,92.09,UPS,£112.05,2025-12-16,,Yes,383.0,
TRK54C52E74,North Pamela,South Hannah,86.82,DHL,30.55,2026-03-27,Damaged,Yes,2609.0,
TRK84D2660F,Snowtown,Christopherberg,118.89,DHL,$55.03,2025-10-12,Delayed,No,1194.0,
TRK94CCD7E7,Laurafurt,New Jesse,97.64,FedEx,273.89,2026-08-19,Lost,,131.0,
TRK2052F93D,Johnathanborough,South Jamesshire,90.11,FedEx,24.88,2026-04-20,Damaged,No,,
TRKDD9E0E88,Larsonfurt,Vasquezborough,146.89,DHL,10.05,2026-01-14,Delayed,No,1341.0,
TRK751539D2,Tinaview,New Tiffany,47.08,Prime,31.64,2026-02-05,On Time,Yes,1687.0,
TRKD9BF1011,Audreyfurt,Thompsonshire,46.54,FedEx,288.95,2026-01-13,Delayed,No,2522.0,
TRK31D4E377,Christopherton,Allenport,49.44,FedEx,193.31,2025-10-17,Lost,Yes,2485.0,
TRK72C6BD5A,Brewerstad,Kimberg,141.43,USPS,£203.77,2026-04-17,On Time,No,,
TRK6E3E90B8,Roachfurt,Lake Derrick,116.3,USPS,272.94,2026-01-28,Lost,No,617.0,
TRKC44364FF,Briannamouth,Port Austinbury,26.92,USPS,152.78,2025-12-27,Lost,No,2204.0,
TRK595A0281,Taylorfort,,32.16,Prime,,2026-02-18,On Time,No,1155.0,
TRK323BAB80,Douglaston,Normanport,120.07,USPS,$71.92,2026-06-09,Damaged,Yes,2731.0,
TRK8428F8C4,North Tommy,Lake Joshua,146.66,DHL,33.53,2026-04-08,Lost,Yes,1877.0,
TRK303CED36,Port Maria,Cervantesville,28.12,DHL,166.19,2026-05-08,Damaged,No,1818.0,
TRK7CC2CD71,West Teresaside,Nathanielshire,23.79,Prime,191.73,2026-04-27,Lost,Yes,,
TRK8384277B,West Edward,Jesusberg,140.3,FedEx,222.62,,Damaged,Yes,569.0,
TRK4589BDB1,Sandrastad,Pagemouth,70.82,DHL,248.57,2026-03-01,,No,2429.0,
TRKE822E117,West Adam,Brooksside,48.03,UPS,$52.52,2026-07-05,Lost,No,2458.0,
TRKFC9A7576,,Moodyton,95.54,FedEx,282.35,2026-01-10,On Time,No,2775.0,
TRK2DE9C73D,Port Maria,New Dana,66.13,Prime,175.71,2026-08-24,Delayed,No,2812.0,
TRK66ADCB99,Jordanstad,North Samantha,122.85,UPS,245.68,2025-12-30,On Time,Yes,1840.0,
TRK3B9D674E,Fullerchester,Elizabethport,72.38,USPS,10.16,2026-01-30,,No,834.0,
TRK30F8FF68,Patrickshire,North Tina,140.13,Prime,31.87,2026-08-16,Damaged,Yes,1465.0,
TRKAD990ACC,Jonesside,Stacybury,,USPS,101.34,2026-01-06,Lost,No,314.0,
TRKD64746C8,Brownborough,,63.52,UPS,130.54,,Lost,No,266.0,
TRK3B84C8D0,Joshualand,East Roberttown,47.18,USPS,233.41,2025-11-20,Lost,Yes,444.0,
,Elizabethborough,Port Thomasburgh,95.2,Prime,34.43,2025-12-20,On Time,Yes,,
TRK4B9E70C6,Port Joshuastad,North John,37.34,USPS,102.94,2026-07-22,On Time,No,330.0,
TRK80994F8D,New Denisehaven,,38.64,Prime,213.7,2026-07-26,Delayed,No,1562.0,
TRKE51F3E2B,Matthewmouth,New Angelahaven,64.16,Prime,95.42,2026-08-20,Lost,No,2529.0,
TRK29E40C90,East William,Theresamouth,41.55,UPS,124.33,2026-07-28,On Time,No,2846.0,
TRK8E80FDC4,Port Megan,Farmerbury,100.04,FedEx,23.92,2026-04-17,Damaged,Yes,987.0,
TRKB7677369,North Robin,North Jamesfurt,132.86,DHL,213.74,2026-06-22,Damaged,No,1048.0,
TRKF6583CA9,West Mary,Brandonburgh,18.62,UPS,$125.96,2026-03-08,On Time,No,2874.0,
,Katelynside,North Maryton,102.79,,44.34,2026-05-31,On Time,No,1111.0,
TRK8CA940EB,Brownmouth,South Morgan,147.32,DHL,54.48,2026-04-11,On Time,No,1193.0,
TRKA22938D5,Lake Nancy,East Samanthaland,61.23,Prime,32.42,2026-02-10,Delayed,Yes,2517.0,
TRK189284E7,Timothyview,Hallburgh,10.83,FedEx,257.28,2025-10-22,,Yes,2135.0,
TRKA485B723,Reedberg,North Tyler,116.16,USPS,163.1,2025-10-21,On Time,Yes,1622.0,
TRK2D5BB0D9,South Bradchester,Port Shannon,137.69,UPS,66.85,2026-02-05,Delayed,Yes,651.0,
TRKEC3A81BB,Jacobsland,Lake Isaiah,127.87,UPS,39.29,2025-12-20,Delayed,No,1150.0,
TRK99350596,Zacharychester,Tracieshire,138.23,Prime,45.75,2026-07-02,On Time,No,2983.0,
TRKE611D2AB,North Roy,Leroyton,114.56,FedEx,94.25,2025-09-24,Delayed,No,2861.0,
TRK8D59294E,South Jameschester,New Sara,85.96,FedEx,61.43,2025-12-08,Lost,No,1192.0,
TRK3D74E5E8,Harpershire,Wellsmouth,70.24,USPS,$97.00,2026-08-09,Lost,No,876.0,
TRK6DD957FC,East Gregorychester,North Suzanne,58.95,USPS,184.64,2026-02-03,On Time,No,183.0,
TRK4A208467,Fischertown,Brandonshire,94.25,DHL,£79.18,2026-01-17,,Yes,1765.0,
,New Kenneth,Martinezbury,,Prime,,2025-09-26,Delayed,Yes,301.0,
TRKEA61C396,North Ericton,West Karenhaven,90.63,Prime,46.61,2026-03-02,Lost,No,2307.0,
,Port Tammyborough,Rodriguezbury,123.55,UPS,80.17,2026-01-13,Delayed,Yes,1904.0,
TRKCC37EA36,,,8.07,USPS,268.18,2026-08-06,Lost,Yes,1042.0,
TRKFB56EABF,Port Helenborough,Port Denise,135.75,FedEx,206.84,2025-11-16,On Time,Yes,1209.0,
TRK241F2FC6,Josephstad,Levyview,66.33,FedEx,211.3,2025-09-28,Damaged,Yes,1239.0,
TRK542DCB2C,South Caleb,West Sheilaville,,USPS,83.76,2026-02-08,Delayed,No,1437.0,
TRK55114746,West Daniel,New Andrew,111.58,FedEx,46.85,2026-03-01,On Time,No,725.0,
TRK5B78A475,West Elizabeth,North Wendy,72.96,Prime,233.67,2026-01-28,On Time,No,1906.0,
TRKBC6FB539,Brandishire,Lake Rhonda,38.66,FedEx,165.67,2026-03-21,Damaged,No,1422.0,
TRKEC9786AE,North Patrick,Wellsmouth,116.56,USPS,,2026-07-15,Delayed,No,1618.0,
TRKA7DF01C2,,Lopezfurt,29.31,UPS,129.46,2026-06-05,On Time,Yes,324.0,
TRKD33B4028,Brandyberg,Reginachester,4.29,DHL,£194.53,2026-04-03,Delayed,No,2204.0,
TRKFC52403F,,Morganstad,92.77,FedEx,217.87,2026-03-07,Damaged,,2972.0,
TRKF3B871F7,New Vickistad,Ibarrahaven,27.88,FedEx,51.39,2026-08-16,Delayed,Yes,578.0,
TRK93100D7E,Lake Loriport,,118.96,USPS,147.14,2025-09-28,Lost,No,,
TRK13AE1E9D,North Savannahstad,West Kari,78.81,USPS,63.14,2025-10-25,Delayed,Yes,2095.0,
TRKDDE75138,Port Thomasburgh,,12.75,Prime,50.65,2025-11-02,On Time,Yes,1791.0,
,Prestonport,Melissaville,38.71,USPS,147.2,2025-12-31,Lost,Yes,2615.0,
TRKBC0C268B,East Thomas,Lake Patricia,29.53,FedEx,$130.27,2026-01-05,Lost,No,1781.0,
TRK97DBF49A,Marthaport,North Jessicaville,33.0,USPS,115.66,2025-09-14,On Time,Yes,2649.0,
TRK8BF47006,New Bernardfurt,Ochoashire,105.59,,97.14,2025-10-14,Lost,No,2854.0,
,Lauraville,Dominguezberg,,UPS,$141.50,2026-04-21,Damaged,No,522.0,
TRK5B4372CE,Lake Jodi,Port Darlene,126.03,UPS,114.11,2026-02-04,On Time,Yes,1384.0,
TRKB21753F3,Scottmouth,South Heather,3.51,Prime,148.6,2026-01-07,,Yes,,
TRK4B924A88,,South Jeffrey,73.27,FedEx,297.3,2025-10-04,On Time,No,2014.0,
TRKAB9D1C64,North Brianbury,Hughesfort,101.71,USPS,,2026-03-29,Damaged,No,1534.0,
TRKBE07A627,Patelville,Alexanderburgh,56.27,FedEx,132.21,2026-04-21,Damaged,No,410.0,
,Millershire,West Adam,137.39,FedEx,$198.51,2026-01-29,Lost,No,79.0,
TRKAD228BDA,Popemouth,South Maria,80.6,UPS,$252.10,2025-12-14,,,51.0,
,Port Alexis,South Christina,12.76,UPS,133.33,2026-07-21,Damaged,No,2954.0,
TRK0EA61CDA,Derekside,Potterport,,DHL,21.37,2026-02-19,Lost,No,1360.0,
TRK038C6DD0,Cordovaside,Lake Staceyfort,86.62,DHL,118.39,2026-04-23,Damaged,No,1718.0,
TRK757B7F27,West Donna,Curtisstad,37.4,FedEx,178.73,2026-04-03,Delayed,No,760.0,
TRKB159F6AB,Martinchester,New Charlesstad,78.3,,79.05,2026-01-01,Damaged,Yes,2875.0,
TRK216B2864,Walkerland,New Andrea,27.39,FedEx,281.17,2026-02-18,Damaged,No,2451.0,
TRKB1C3EF6D,Mitchellport,Kristenmouth,78.2,Prime,$32.75,2026-05-12,Damaged,No,2725.0,
TRK1316A51A,Webbborough,Woodsbury,84.39,DHL,,2026-06-15,Damaged,Yes,1272.0,
TRKF13B924D,Jacobhaven,Savageborough,129.43,USPS,295.47,2026-01-07,Lost,No,997.0,
TRKF2B8232B,New Crystal,Krystalshire,113.32,FedEx,209.88,2026-07-26,Lost,Yes,2595.0,
TRK9A2BE9C1,Riveraville,Lopezview,25.31,Prime,,2026-01-22,Damaged,,2279.0,
TRKFA33D684,East Jerry,New Zachary,13.35,DHL,151.12,2025-11-03,On Time,No,1889.0,
TRK82DC89E3,Wareside,,31.19,USPS,241.81,2026-04-13,On Time,Yes,1054.0,
TRK46C91E41,New Latoyaberg,Tuckerfort,2.64,UPS,$223.52,2026-03-16,On Time,No,1303.0,
TRK3B622D95,Russellfurt,Christophermouth,63.52,UPS,13.65,2026-05-21,Damaged,Yes,1682.0,
TRK7A1779FE,New Heatherland,Juanfort,64.35,DHL,56.29,2026-07-26,Damaged,No,1768.0,
TRK1D81063C,North Emilyport,West Michaelmouth,85.6,UPS,247.92,2025-11-26,Lost,No,2947.0,
TRKC48D9BC3,Brendaborough,Port Tyroneborough,144.75,Prime,9.5,2025-10-11,Lost,Yes,1230.0,
TRKF61230EA,New Katiechester,North Scottview,9.41,UPS,149.11,2025-12-08,Damaged,Yes,434.0,
TRKEF39885E,West Keithville,Tonyport,78.58,USPS,270.84,2026-04-02,Damaged,Yes,1738.0,
TRKBA9E5762,Martinshire,Thompsonfort,,Prime,122.3,2026-04-24,Damaged,Yes,1192.0,
TRK86306B46,Powellside,South Brittanymouth,22.48,Prime,101.2,2026-08-04,Lost,Yes,2897.0,
TRKBD396AB4,Port Randyhaven,Sarahborough,98.27,UPS,98.0,2026-09-05,Damaged,Yes,1405.0,
TRK939A9E0C,Guyport,New Nicholas,130.5,DHL,31.63,2026-01-15,Lost,No,2453.0,
TRK3B8E0C87,South Timothyfurt,East Kimberlyfort,54.42,FedEx,113.86,2026-03-05,On Time,Yes,1474.0,
TRK746D43DA,Port Lisafurt,,,UPS,185.45,2026-04-09,On Time,No,1390.0,
TRKDE8EAB25,East Todd,Cameronhaven,120.09,DHL,70.89,2025-10-22,Damaged,Yes,2767.0,
,Kimchester,West Diana,11.06,FedEx,153.64,2026-08-26,Delayed,Yes,1612.0,
TRKA17EEF2F,Lake Maryton,South Kristenburgh,32.42,FedEx,279.45,2025-10-24,Damaged,Yes,1316.0,
TRKC12E88D8,Moralesshire,Danielville,62.08,DHL,,2026-02-14,On Time,Yes,221.0,
TRK4A520B24,Singletonview,Lake Craig,,FedEx,161.98,2025-11-11,Lost,Yes,,
TRKB7797BE3,Lake Destiny,Laurenview,146.75,USPS,80.45,2026-04-22,Lost,Yes,2914.0,
TRKB0A79673,Lake Gregoryfort,East Isabel,20.29,UPS,£152.55,2026-07-08,Delayed,No,2353.0,
TRKEBE66792,West Gabrielleport,Lake Maryside,144.84,UPS,279.18,2026-09-11,On Time,No,708.0,
TRKA2550E33,Hinesside,Port Danielleview,127.42,USPS,£212.56,2026-07-01,Delayed,Yes,1637.0,
TRK58EBD660,Lake Ryan,Monicachester,95.87,FedEx,279.41,2026-02-09,Damaged,Yes,1468.0,
TRKBB7DD2E0,Maldonadoborough,South Vanessamouth,71.32,UPS,121.68,2026-04-16,Delayed,No,1921.0,
TRK5FE71CCB,Harrellborough,North Heidi,44.02,UPS,286.26,2025-09-16,Damaged,Yes,2786.0,
TRK00F0197D,Lake William,Port Ricky,14.09,UPS,263.05,2026-07-06,Lost,No,927.0,
TRK3DE70E3A,New Ebony,Shawstad,106.38,FedEx,80.36,2025-10-12,Delayed,Yes,1062.0,
TRK9ADEA784,Gilbertborough,,21.55,USPS,,2026-04-13,Damaged,Yes,1948.0,
TRKC3DED8B3,South Matthew,Davismouth,45.84,FedEx,284.06,2025-09-23,,No,1103.0,
TRK5D02F330,,Andersonville,119.58,USPS,48.76,2025-10-14,,Yes,500.0,
TRKB0BDF2D8,New Michellechester,Lake Christopherchester,81.54,DHL,241.0,2026-08-22,,Yes,2293.0,
TRK7BBF7958,Johnsonfort,Port Toddland,47.96,FedEx,99.66,2026-07-03,Damaged,Yes,2964.0,
TRK847120C6,South Elizabeth,North Carl,23.83,Prime,116.14,2026-04-09,Damaged,Yes,602.0,
TRK3BADB0EE,East April,New Alisonhaven,55.14,USPS,148.55,2026-07-27,Damaged,Yes,1131.0,
,Smithstad,Lake Aaronfort,15.12,Prime,166.15,2026-08-01,On Time,No,207.0,
TRK2861D156,Lake Jeremychester,Kathrynmouth,98.66,UPS,£76.58,2025-12-06,Delayed,Yes,2515.0,
TRK6DEA02DB,Burchshire,Woodschester,51.81,FedEx,263.97,2026-07-23,Delayed,Yes,2562.0,
TRK103324DA,Lake Brianborough,Lake Gina,139.68,Prime,94.22,,Delayed,Yes,1460.0,
TRK194762C6,Lake Brandi,,67.84,Prime,299.59,2026-07-26,Delayed,Yes,2556.0,
